{"IcoMoonType":"selection","icons":[{"icon":{"paths":["M0 0h1024v1024h-1024v-1024z","M32 32h960v960h-960v-960z"],"attrs":[{"fill":"rgb(100, 100, 100)","stroke":"rgb(100, 100, 100)","strokeLinejoin":"miter","strokeLinecap":"butt","strokeMiterlimit":"4","strokeWidth":64},{"fill":"none","stroke":"rgb(100, 100, 100)","strokeLinejoin":"miter","strokeLinecap":"butt","strokeMiterlimit":"4","strokeWidth":64}],"isMulticolor":false,"isMulticolor2":false,"grid":0,"tags":["icono ordenar 3 (2)"],"colorPermutations":{"100100100117217217212552552551404040169901001":[{"f":2,"s":2},{"s":2}]}},"attrs":[{"fill":"rgb(100, 100, 100)","stroke":"rgb(100, 100, 100)","strokeLinejoin":"miter","strokeLinecap":"butt","strokeMiterlimit":"4","strokeWidth":64},{"fill":"none","stroke":"rgb(100, 100, 100)","strokeLinejoin":"miter","strokeLinecap":"butt","strokeMiterlimit":"4","strokeWidth":64}],"properties":{"order":87,"id":10,"name":"icono-ordenar-3-2","prevSize":32,"code":59692},"setIdx":0,"setId":2,"iconIdx":0},{"icon":{"paths":["M0 0h1024v1024h-1024v-1024z","M32 32h960v960h-960v-960z","M1152 0h1024v1024h-1024v-1024z","M1184 32h960v960h-960v-960z"],"attrs":[{"fill":"rgb(255, 255, 255)","stroke":"rgb(172, 172, 172)","strokeLinejoin":"miter","strokeLinecap":"butt","strokeMiterlimit":"4","strokeWidth":64},{"fill":"none","stroke":"rgb(172, 172, 172)","strokeLinejoin":"miter","strokeLinecap":"butt","strokeMiterlimit":"4","strokeWidth":64},{"fill":"rgb(255, 255, 255)","stroke":"rgb(172, 172, 172)","strokeLinejoin":"miter","strokeLinecap":"butt","strokeMiterlimit":"4","strokeWidth":64},{"fill":"none","stroke":"rgb(172, 172, 172)","strokeLinejoin":"miter","strokeLinecap":"butt","strokeMiterlimit":"4","strokeWidth":64}],"width":2176,"isMulticolor":false,"isMulticolor2":false,"grid":0,"tags":["icono ordenar 2"],"colorPermutations":{"100100100117217217212552552551404040169901001":[{"f":4,"s":3},{"s":3},{"f":4,"s":3},{"s":3}]}},"attrs":[{"fill":"rgb(255, 255, 255)","stroke":"rgb(172, 172, 172)","strokeLinejoin":"miter","strokeLinecap":"butt","strokeMiterlimit":"4","strokeWidth":64},{"fill":"none","stroke":"rgb(172, 172, 172)","strokeLinejoin":"miter","strokeLinecap":"butt","strokeMiterlimit":"4","strokeWidth":64},{"fill":"rgb(255, 255, 255)","stroke":"rgb(172, 172, 172)","strokeLinejoin":"miter","strokeLinecap":"butt","strokeMiterlimit":"4","strokeWidth":64},{"fill":"none","stroke":"rgb(172, 172, 172)","strokeLinejoin":"miter","strokeLinecap":"butt","strokeMiterlimit":"4","strokeWidth":64}],"properties":{"order":86,"id":9,"name":"icono-ordenar-2","prevSize":32,"code":59693},"setIdx":0,"setId":2,"iconIdx":1},{"icon":{"paths":["M0 0h1024v1024h-1024v-1024z","M32 32h960v960h-960v-960z","M1152 0h1024v1024h-1024v-1024z","M1184 32h960v960h-960v-960z","M2304 0h1024v1024h-1024v-1024z","M2336 32h960v960h-960v-960z","M3456 0h1024v1024h-1024v-1024z","M3488 32h960v960h-960v-960z"],"attrs":[{"fill":"rgb(255, 255, 255)","stroke":"rgb(172, 172, 172)","strokeLinejoin":"miter","strokeLinecap":"butt","strokeMiterlimit":"4","strokeWidth":64},{"fill":"none","stroke":"rgb(172, 172, 172)","strokeLinejoin":"miter","strokeLinecap":"butt","strokeMiterlimit":"4","strokeWidth":64},{"fill":"rgb(255, 255, 255)","stroke":"rgb(172, 172, 172)","strokeLinejoin":"miter","strokeLinecap":"butt","strokeMiterlimit":"4","strokeWidth":64},{"fill":"none","stroke":"rgb(172, 172, 172)","strokeLinejoin":"miter","strokeLinecap":"butt","strokeMiterlimit":"4","strokeWidth":64},{"fill":"rgb(255, 255, 255)","stroke":"rgb(172, 172, 172)","strokeLinejoin":"miter","strokeLinecap":"butt","strokeMiterlimit":"4","strokeWidth":64},{"fill":"none","stroke":"rgb(172, 172, 172)","strokeLinejoin":"miter","strokeLinecap":"butt","strokeMiterlimit":"4","strokeWidth":64},{"fill":"rgb(255, 255, 255)","stroke":"rgb(172, 172, 172)","strokeLinejoin":"miter","strokeLinecap":"butt","strokeMiterlimit":"4","strokeWidth":64},{"fill":"none","stroke":"rgb(172, 172, 172)","strokeLinejoin":"miter","strokeLinecap":"butt","strokeMiterlimit":"4","strokeWidth":64}],"width":4480,"isMulticolor":false,"isMulticolor2":false,"grid":0,"tags":["icono ordenar 4 (1)"],"colorPermutations":{"100100100117217217212552552551404040169901001":[{"f":4,"s":3},{"s":3},{"f":4,"s":3},{"s":3},{"f":4,"s":3},{"s":3},{"f":4,"s":3},{"s":3}]}},"attrs":[{"fill":"rgb(255, 255, 255)","stroke":"rgb(172, 172, 172)","strokeLinejoin":"miter","strokeLinecap":"butt","strokeMiterlimit":"4","strokeWidth":64},{"fill":"none","stroke":"rgb(172, 172, 172)","strokeLinejoin":"miter","strokeLinecap":"butt","strokeMiterlimit":"4","strokeWidth":64},{"fill":"rgb(255, 255, 255)","stroke":"rgb(172, 172, 172)","strokeLinejoin":"miter","strokeLinecap":"butt","strokeMiterlimit":"4","strokeWidth":64},{"fill":"none","stroke":"rgb(172, 172, 172)","strokeLinejoin":"miter","strokeLinecap":"butt","strokeMiterlimit":"4","strokeWidth":64},{"fill":"rgb(255, 255, 255)","stroke":"rgb(172, 172, 172)","strokeLinejoin":"miter","strokeLinecap":"butt","strokeMiterlimit":"4","strokeWidth":64},{"fill":"none","stroke":"rgb(172, 172, 172)","strokeLinejoin":"miter","strokeLinecap":"butt","strokeMiterlimit":"4","strokeWidth":64},{"fill":"rgb(255, 255, 255)","stroke":"rgb(172, 172, 172)","strokeLinejoin":"miter","strokeLinecap":"butt","strokeMiterlimit":"4","strokeWidth":64},{"fill":"none","stroke":"rgb(172, 172, 172)","strokeLinejoin":"miter","strokeLinecap":"butt","strokeMiterlimit":"4","strokeWidth":64}],"properties":{"order":85,"id":8,"name":"icono-ordenar-4-1","prevSize":32,"code":59687},"setIdx":0,"setId":2,"iconIdx":2},{"icon":{"paths":["M2304 0h1024v1024h-1024v-1024z","M2336 32h960v960h-960v-960z","M1152 0h1024v1024h-1024v-1024z","M1184 32h960v960h-960v-960z","M0 0h1024v1024h-1024v-1024z","M32 32h960v960h-960v-960z"],"attrs":[{"fill":"rgb(100, 100, 100)","stroke":"rgb(100, 100, 100)","strokeLinejoin":"miter","strokeLinecap":"butt","strokeMiterlimit":"4","strokeWidth":64},{"fill":"none","stroke":"rgb(100, 100, 100)","strokeLinejoin":"miter","strokeLinecap":"butt","strokeMiterlimit":"4","strokeWidth":64},{"fill":"rgb(100, 100, 100)","stroke":"rgb(100, 100, 100)","strokeLinejoin":"miter","strokeLinecap":"butt","strokeMiterlimit":"4","strokeWidth":64},{"fill":"none","stroke":"rgb(100, 100, 100)","strokeLinejoin":"miter","strokeLinecap":"butt","strokeMiterlimit":"4","strokeWidth":64},{"fill":"rgb(100, 100, 100)","stroke":"rgb(100, 100, 100)","strokeLinejoin":"miter","strokeLinecap":"butt","strokeMiterlimit":"4","strokeWidth":64},{"fill":"none","stroke":"rgb(100, 100, 100)","strokeLinejoin":"miter","strokeLinecap":"butt","strokeMiterlimit":"4","strokeWidth":64}],"width":3328,"isMulticolor":false,"isMulticolor2":false,"grid":0,"tags":["icono ordenar 3"],"colorPermutations":{"255255255140404015151511":[{"f":0,"s":0},{"s":0},{"f":0,"s":0},{"s":0},{"f":0,"s":0},{"s":0}],"100100100117217217212552552551404040169901001":[{"f":2,"s":2},{"s":2},{"f":2,"s":2},{"s":2},{"f":2,"s":2},{"s":2}]}},"attrs":[{"fill":"rgb(100, 100, 100)","stroke":"rgb(100, 100, 100)","strokeLinejoin":"miter","strokeLinecap":"butt","strokeMiterlimit":"4","strokeWidth":64},{"fill":"none","stroke":"rgb(100, 100, 100)","strokeLinejoin":"miter","strokeLinecap":"butt","strokeMiterlimit":"4","strokeWidth":64},{"fill":"rgb(100, 100, 100)","stroke":"rgb(100, 100, 100)","strokeLinejoin":"miter","strokeLinecap":"butt","strokeMiterlimit":"4","strokeWidth":64},{"fill":"none","stroke":"rgb(100, 100, 100)","strokeLinejoin":"miter","strokeLinecap":"butt","strokeMiterlimit":"4","strokeWidth":64},{"fill":"rgb(100, 100, 100)","stroke":"rgb(100, 100, 100)","strokeLinejoin":"miter","strokeLinecap":"butt","strokeMiterlimit":"4","strokeWidth":64},{"fill":"none","stroke":"rgb(100, 100, 100)","strokeLinejoin":"miter","strokeLinecap":"butt","strokeMiterlimit":"4","strokeWidth":64}],"properties":{"order":84,"id":7,"name":"icono-ordenar-3","prevSize":32,"code":59688},"setIdx":0,"setId":2,"iconIdx":3},{"icon":{"paths":["M1680.494 759.169v0c26 0.069 47.050 21.163 47.050 47.172 0 13.003-5.261 24.777-13.771 33.31l0.001-0.001c-8.514 8.524-20.281 13.797-33.28 13.797s-24.767-5.273-33.28-13.797l-0-0c-8.556-8.531-13.85-20.33-13.85-33.366 0-26.021 21.094-47.115 47.115-47.115 0.003 0 0.006 0 0.009 0l-0-0zM1706.593 780.286c-6.671-6.715-15.91-10.872-26.12-10.872s-19.45 4.157-26.118 10.87l-0.002 0.002c-6.677 6.636-10.817 15.817-10.844 25.965l-0 0.005c0.008 20.435 16.549 37.004 36.973 37.057l0.005 0c20.372-0.041 36.871-16.565 36.871-36.943 0-0.040-0-0.080-0-0.12l0 0.006c0.001-0.076 0.001-0.166 0.001-0.256 0-10.063-4.118-19.165-10.762-25.711l-0.004-0.004z","M1663.747 828.657v0-45.145h22.844c0.331-0.029 0.717-0.045 1.106-0.045 4.178 0 7.914 1.897 10.391 4.878l0.018 0.022c1.641 2.158 2.63 4.889 2.634 7.852l0 0.001c0.001 0.054 0.001 0.117 0.001 0.181 0 2.411-0.7 4.658-1.908 6.55l0.029-0.049c-1.182 1.892-2.942 3.328-5.029 4.076l-0.068 0.021c1.744 0.597 3.191 1.687 4.216 3.102l0.017 0.025c0.934 2.081 1.478 4.51 1.478 7.066 0 0.468-0.018 0.931-0.054 1.389l0.004-0.061c-0.023 0.505-0.036 1.098-0.036 1.693 0 1.721 0.109 3.416 0.321 5.079l-0.020-0.197c0.136 1.066 0.814 1.948 1.744 2.37l0.019 0.008v1.185h-10.337c-0.689-2.438-1.085-5.238-1.085-8.13 0-0.327 0.005-0.652 0.015-0.976l-0.001 0.047c0.043-0.4 0.068-0.864 0.068-1.333 0-1.891-0.401-3.688-1.122-5.311l0.033 0.083c-0.964-1.428-3.005-2.049-6.218-2.049h-9.809v17.668zM1672.963 803.444h11.036c4.933 0 7.346-2.142 7.346-6.253 0-3.876-2.306-5.818-6.589-5.818h-11.793z","M1173.284 658.743v0c-11.66 20.493-25.157 38.156-40.701 53.779l0.011-0.011c-45.040 45.055-107.271 72.923-176.010 72.923-135.071 0-245.010-107.601-248.776-241.761l-0.008-0.348v-3.12c0-0.328-0.114-4.526 0-4.526v-348.96c0-20.252-30.389-37.385-43.089-37.064h43.089v-149.648h94.459v149.648h238.153v28.883h-238.153v194.822c5.711 216.245-20.631 394.119 147.771 394.119 250.211-2.798 72.557-339.801 252.352-520.616 56.478-54.664 133.544-88.354 218.479-88.354 173.584 0 314.302 140.718 314.302 314.302 0 85.508-34.147 163.041-89.548 219.707l0.057-0.059c-56.537 57.022-134.902 92.325-221.512 92.325-82.871 0-158.193-32.32-214.049-85.042l0.151 0.142c-13.326-12.522-25.449-25.972-36.397-40.365l-0.581-0.797zM1423.709 176.861c-287.232 0-287.232 587.963 0 587.963 290.544 0 290.544-587.963 0-587.963z","M1763.452 1024v0c40.034-198.248 21.416-368.591 18.967-552.398v-3.127l0.271-10.551c7.549-166.955 144.738-299.453 312.873-299.453 172.961 0 313.174 140.213 313.174 313.174 0 172.818-139.98 312.941-312.744 313.173l-0.022 0c-85.306-0.21-162.57-34.471-218.951-89.905l0.044 0.043c8.838 153.432-47.051 257.835-113.612 329.050zM2096.721 764.873c287.289 0 291.85-587.963 0-587.963-296.719 0-289.545 587.963 0 587.963z","M372.553 201.489l1.178-0.971c9.168-6.971 19.545-13.295 30.549-18.512l1.068-0.456c21.594-10.564 46.684-19.098 72.962-24.34l1.994-0.332c13.292-3.057 29.362-5.536 45.745-6.914l1.313-0.089c17.579-1.985 37.956-3.117 58.598-3.117s41.018 1.132 61.072 3.338l-2.474-0.221c-150.219 3.341-222.877 71.544-254.929 148.149-15.541 42.989-19.774 93.402-18.561 153.753v70.237c0 1.428 0 16.483-0.050 16.483-0.248 10.404-1.073 20.354-2.448 30.127l0.157-1.358c-1.626 12.464-3.788 23.353-6.591 33.981l0.416-1.857c-14.883 54.715-46.342 100.664-88.569 133.381l-0.572 0.426c-0.528 0.328-0.964 0.757-1.499 1.085l-1.178 0.964c-73.307 56.567-181.836 60.336-270.734 49.257 207.921-4.633 277.223-114.64 273.583-300.495v-86.642c0.251-10.454 1.061-20.443 2.404-30.263l-0.155 1.387c1.628-12.428 3.82-23.313 6.673-33.927l-0.412 1.803c14.838-54.658 46.234-100.566 88.387-133.269l0.568-0.424c0.543-0.543 1.078-0.757 1.506-1.185z","M1216.059 1022.708v0c-4.534-0.407-8.294-3.336-9.895-7.359l-0.028-0.079-14.891-39.648h-75.406l-14.898 39.755c-1.667 4.321-5.787 7.332-10.61 7.332-0.019 0-0.039-0-0.058-0l0.003 0h-1.285l-1.228 0.428-1.813-0.757c-4.222-1.89-7.11-6.055-7.11-10.893 0-1.471 0.267-2.879 0.755-4.18l-0.027 0.082 62.906-169.187 0.107-0.107c1.87-4.159 5.977-7.003 10.749-7.003 0.026 0 0.052 0 0.078 0l-0.004-0c0.111-0.004 0.241-0.006 0.372-0.006 4.837 0 8.972 3.007 10.637 7.253l0.027 0.078 62.82 168.944c0.516 1.274 0.815 2.752 0.815 4.3 0 4.722-2.786 8.794-6.803 10.661l-0.072 0.030-1.071 0.328h-0.964c-0.466 0.077-1.002 0.12-1.549 0.12s-1.083-0.044-1.607-0.128l0.057 0.008zM1153.667 874.559l-29.361 78.111h58.459z","M1513.349 978.641c15.166 12.865 34.672 21.038 56.050 22.079l0.217 0.008c0.331 0.006 0.722 0.010 1.113 0.010 13.357 0 25.764-4.068 36.049-11.034l-0.226 0.145c7.609-5.047 12.714-13.343 13.33-22.863l0.005-0.088c-0.191-8.865-5.1-16.542-12.308-20.639l-0.12-0.063c-11.409-6.573-24.707-11.432-38.849-13.802l-0.699-0.097h-1.021c-16.743-2.574-31.76-8.252-45.056-16.452l0.518 0.297c-12.438-7.421-20.698-20.712-20.944-35.951l-0-0.035c0.434-15.85 8.567-29.712 20.78-38.029l0.165-0.106c12.637-8.978 28.38-14.353 45.379-14.353 0.475 0 0.949 0.004 1.422 0.013l-0.071-0.001c23.094 0 40.027 9.701 58.737 21.987l0.157 0.1c2.891 1.97 4.764 5.246 4.764 8.96 0 2.198-0.656 4.244-1.784 5.95l0.025-0.040c-1.869 3.020-5.164 5.002-8.922 5.002-2.237 0-4.309-0.702-6.009-1.898l0.033 0.022c-14.684-9.487-28.89-18.318-47.001-18.318-0.329-0.007-0.717-0.010-1.106-0.010-12.215 0-23.574 3.665-33.037 9.956l0.22-0.137c-6.862 4.613-11.483 12.104-12.13 20.703l-0.006 0.092c0.315 7.717 4.689 14.344 11.033 17.834l0.11 0.056c10.477 6.343 22.762 10.918 35.886 12.956l0.564 0.072h0.528l0.428 0.107c18.002 2.64 34.172 8.712 48.448 17.552l-0.54-0.312c13.233 8.024 22.019 22.225 22.343 38.502l0.001 0.046c-0.637 16.886-9.406 31.596-22.483 40.397l-0.182 0.115c-13.409 9.575-30.134 15.31-48.198 15.31-0.485 0-0.97-0.004-1.453-0.012l0.073 0.001c-26.813-1.159-51.062-11.271-70.039-27.4l0.165 0.137-0.171-0.214h-0.043c-2.297-2.043-3.737-5.007-3.737-8.307 0-2.563 0.869-4.924 2.328-6.803l-0.019 0.025c1.912-2.532 4.917-4.152 8.3-4.152 2.663 0 5.092 1.004 6.929 2.654l-0.010-0.008z","M1412.187 1016.997l-99.442-138.776v133.179c0 6.231-5.051 11.283-11.283 11.283s-11.283-5.051-11.283-11.283v-166.331c-0.181-0.768-0.285-1.649-0.285-2.555 0-3.726 1.759-7.042 4.492-9.161l0.026-0.020 0.214-0.214 0.171-0.221c1.793-1.166 3.986-1.859 6.341-1.859 3.908 0 7.37 1.909 9.505 4.845l0.023 0.034 100.363 140.061v-132.451c-0-6.32 5.123-11.443 11.443-11.443s11.443 5.123 11.443 11.443v0 167.866c-0.065 6.259-5.153 11.308-11.421 11.308-0.018 0-0.036-0-0.053-0l0.003 0c-0.116 0.004-0.251 0.007-0.387 0.007-3.247 0-6.164-1.413-8.17-3.658l-0.009-0.011c-0.657-0.588-1.22-1.263-1.677-2.010l-0.022-0.039z","M924.037 853.336v61.735h70.73c6.253 0.166 11.259 5.275 11.259 11.554 0 0.069-0.001 0.138-0.002 0.207l0-0.010c-0.008 6.224-5.037 11.271-11.254 11.308l-0.003 0h-70.73v61.521h81.559c6.225 0.011 11.267 5.060 11.267 11.286 0 0.163-0.003 0.326-0.010 0.487l0.001-0.023c0.001 0.047 0.001 0.102 0.001 0.158 0 6.158-4.992 11.151-11.151 11.151-0.038 0-0.076-0-0.114-0.001l0.006 0h-94.052c-5.859-0.448-10.444-5.313-10.444-11.248 0-0.021 0-0.042 0-0.063l-0 0.003v-169.601c0.039-6.29 5.081-11.39 11.345-11.522l0.012-0h93.138c6.367 0 11.529 5.162 11.529 11.529s-5.162 11.529-11.529 11.529l0 0z","M731.114 969.289c5.86 17.747 22.295 30.328 41.669 30.328 24.157 0 43.746-19.562 43.789-43.709l0-0.004v-114.105c0-6.257 5.072-11.329 11.329-11.329s11.329 5.072 11.329 11.329v114.105c0.001 0.118 0.001 0.258 0.001 0.398 0 36.694-29.746 66.44-66.44 66.44-29.483 0-54.481-19.204-63.167-45.787l-0.133-0.47c-0.382-1.091-0.602-2.35-0.602-3.659 0-5.085 3.323-9.395 7.917-10.874l0.081-0.022c1.045-0.356 2.249-0.562 3.501-0.562 5.003 0 9.239 3.284 10.669 7.814l0.022 0.079z"],"attrs":[{},{},{},{},{},{},{},{},{},{}],"width":2409,"isMulticolor":false,"isMulticolor2":false,"grid":0,"tags":["logo stop jeans"],"colorPermutations":{"255255255140404015151511":[{},{},{},{},{},{},{},{},{},{}],"100100100117217217212552552551404040169901001":[{},{},{},{},{},{},{},{},{},{}]}},"attrs":[{},{},{},{},{},{},{},{},{},{}],"properties":{"order":81,"id":6,"name":"logo-stop-jeans","prevSize":32,"code":59689},"setIdx":0,"setId":2,"iconIdx":4},{"icon":{"paths":["M1013.824 307.2c0 0-9.984-70.592-40.768-101.568-38.976-40.768-82.624-41.024-102.592-43.392-143.168-10.432-358.208-10.432-358.208-10.432h-0.384c0 0-214.976 0-358.208 10.432-20.032 2.432-63.616 2.624-102.592 43.392-30.784 30.976-40.576 101.568-40.576 101.568s-10.176 82.816-10.176 165.824v77.632c0 82.816 10.176 165.824 10.176 165.824s9.984 70.592 40.576 101.632c38.976 40.768 90.176 39.424 113.024 43.776 81.984 7.808 348.224 10.176 348.224 10.176s215.232-0.384 358.4-10.624c20.032-2.368 63.616-2.624 102.592-43.392 30.784-30.976 40.768-101.632 40.768-101.632s10.176-82.816 10.176-165.824v-77.632c-0.192-82.816-10.368-165.824-10.368-165.824zM406.208 644.8v-287.808l276.608 144.384-276.608 143.424z"],"attrs":[{}],"width":1434,"grid":0,"tags":["logo youtube"],"isMulticolor":false,"isMulticolor2":false,"colorPermutations":{"100100100117217217212552552551404040169901001":[{}]}},"attrs":[{}],"properties":{"order":88,"id":5,"name":"logo-youtube1","prevSize":32,"code":59686,"codes":[59686,59690]},"setIdx":0,"setId":2,"iconIdx":5},{"icon":{"paths":["M874.803 148.813c-92.273-91.883-219.54-148.687-360.073-148.687-280.771 0-508.585 226.738-510.326 507.1l-0.001 0.166c-0 0.189-0 0.414-0 0.638 0 93.197 25.28 180.49 69.356 255.395l-1.286-2.363-72.474 262.938 270.285-70.554c70.379 38.873 154.285 61.747 243.534 61.747 0.036 0 0.072-0 0.107-0l0.224 0c0.123 0 0.268 0 0.414 0 280.636 0 508.272-226.918 509.436-507.281l0-0.111c0.001-0.415 0.002-0.906 0.002-1.397 0-139.837-57.056-266.349-149.157-357.525l-0.042-0.041zM514.15 929.613h-0.179c-79.553-0.013-153.994-21.892-217.642-59.953l1.937 1.073-15.36-9.139-160.486 41.856 42.803-155.648-10.061-15.949c-40.648-63.44-64.794-140.84-64.794-223.879 0-0.205 0-0.409 0-0.614l-0 0.032c1.426-233.191 190.794-421.678 424.185-421.678 116.852 0 222.668 47.248 299.387 123.682l-0.013-0.013c76.586 75.815 124.008 180.966 124.008 297.193 0 0.413-0.001 0.826-0.002 1.239l0-0.064c-0.931 233.117-190.123 421.735-423.37 421.735-0.145 0-0.29-0-0.436-0l0.023 0zM746.598 613.76c-12.8-6.349-75.366-37.018-87.040-41.242s-20.173-6.349-28.646 6.349-32.896 41.267-40.346 49.715-14.874 9.523-27.597 3.174c-39.412-15.873-73.314-37.101-102.759-63.238l0.359 0.313c-27.397-25.267-50.899-54.173-69.892-86.076l-0.969-1.758c-7.424-12.8-0.794-19.558 5.581-25.856 5.709-5.683 12.8-14.822 19.123-22.221 5.035-6.090 9.329-13.061 12.584-20.586l0.216-0.56c1.471-2.964 2.332-6.455 2.332-10.147 0-4.464-1.258-8.633-3.439-12.174l0.058 0.101c-3.174-6.349-28.646-68.762-39.296-94.131-10.24-24.73-20.864-21.35-28.646-21.786s-15.923-0.435-24.422-0.435c-13.539 0.357-25.599 6.402-33.928 15.822l-0.043 0.050c-27.497 25.943-44.616 62.629-44.616 103.314 0 0.858 0.008 1.714 0.023 2.568l-0.002-0.129c4.483 50.078 23.337 95.047 52.356 131.578l-0.388-0.506c6.374 8.474 89.856 136.525 217.6 191.462 18.726 8.427 42.801 17.502 67.441 25.308l5.187 1.418c15.254 4.806 32.797 7.576 50.986 7.576 10.33 0 20.452-0.893 30.292-2.607l-1.048 0.151c24.474-3.661 75.366-30.72 85.99-60.288 5.643-12.513 8.931-27.127 8.931-42.508 0-6.281-0.548-12.434-1.6-18.414l0.092 0.634c-3.174-5.274-11.674-8.474-24.422-14.822z"],"attrs":[{"fill":"rgb(69, 90, 100)"}],"grid":0,"tags":["WhatsApp_Logo"],"isMulticolor":false,"isMulticolor2":false,"colorPermutations":{"255255255140404015151511":[{"f":0}],"100100100117217217212552552551404040169901001":[{"f":1}]}},"attrs":[{"fill":"rgb(69, 90, 100)"}],"properties":{"order":83,"id":4,"name":"WhatsApp_Logo","prevSize":32,"code":59691,"codes":[59691,59692,59693]},"setIdx":0,"setId":2,"iconIdx":6},{"icon":{"paths":["M1013.824 307.2c0 0-9.984-70.592-40.768-101.568-38.976-40.768-82.624-41.024-102.592-43.392-143.168-10.432-358.208-10.432-358.208-10.432h-0.384c0 0-214.976 0-358.208 10.432-20.032 2.432-63.616 2.624-102.592 43.392-30.784 30.976-40.576 101.568-40.576 101.568s-10.176 82.816-10.176 165.824v77.632c0 82.816 10.176 165.824 10.176 165.824s9.984 70.592 40.576 101.632c38.976 40.768 90.176 39.424 113.024 43.776 81.984 7.808 348.224 10.176 348.224 10.176s215.232-0.384 358.4-10.624c20.032-2.368 63.616-2.624 102.592-43.392 30.784-30.976 40.768-101.632 40.768-101.632s10.176-82.816 10.176-165.824v-77.632c-0.192-82.816-10.368-165.824-10.368-165.824zM406.208 644.8v-287.808l276.608 144.384-276.608 143.424z"],"attrs":[{}],"width":1453,"grid":0,"tags":["logo youtube"],"isMulticolor":false,"isMulticolor2":false,"colorPermutations":{"100100100117217217212552552551404040169901001":[{}]}},"attrs":[{}],"properties":{"order":78,"id":3,"name":"logo-youtube","prevSize":32,"code":59683,"codes":[59683,59684]},"setIdx":0,"setId":2,"iconIdx":7},{"icon":{"paths":["M1109.023 0.053h-894.902c-69.28 0-113.681 75.022-81.528 136.264l89.567 170.33h-162.292c-44.783 0-73.873 46.314-52.821 86.122l287.838 543.907c22.201 42.487 83.059 42.104 105.643-0.383l78.084-147.364 97.988 185.641c34.448 65.452 128.226 65.452 162.675 0l448.982-843.229c31.387-59.711-11.866-131.288-79.232-131.288zM707.121 359.469l-193.679 364.008c-14.927 28.324-55.118 27.942-70.046 0l-191.382-362.477c-14.163-26.41 5.358-58.18 35.214-58.18h385.826c29.090 0 47.463 31.004 34.066 56.649zM2058.66 383.582h-101.815v349.464c0 6.507-5.358 11.866-11.866 11.866h-78.85c-6.507 0-11.866-5.358-11.866-11.866v-349.464h-102.58c-6.507 0-11.866-4.975-11.866-11.483v-62.008c0-6.507 5.358-11.483 11.866-11.483h307.359c6.507 0 12.632 4.975 12.632 11.483v62.008c-0.383 6.507-6.507 11.483-13.014 11.483zM2385.923 742.615c-21.052 3.062-56.266 7.655-121.336 7.655-77.318 0-145.833-19.904-145.833-128.992v-199.42c0-109.471 68.898-128.609 146.599-128.609 64.687 0 99.519 4.975 120.57 7.655 8.421 1.148 11.866 4.211 11.866 11.866v55.883c0 6.507-5.358 11.866-11.866 11.866h-126.695c-28.324 0-38.276 9.569-38.276 40.956v54.735h160.378c6.507 0 11.866 5.358 11.866 11.866v57.032c0 6.507-5.358 11.866-11.866 11.866h-160.378v63.538c0 31.387 10.335 40.956 38.276 40.956h126.695c6.507 0 11.866 5.358 11.866 11.866v55.883c0.383 8.421-3.445 12.249-11.866 13.397zM2839.115 744.912h-95.308c-7.655 0-11.483-2.297-15.693-9.186l-83.059-131.288-75.022 128.609c-4.211 7.272-8.421 11.866-14.927 11.866h-88.801c-6.124 0-9.186-3.445-9.186-7.655 0-1.148 0.766-3.062 1.148-4.211l130.139-216.644-130.905-206.309c-0.766-1.148-1.148-2.297-1.148-3.445 0-4.211 4.211-7.655 9.186-7.655h96.839c6.507 0 11.483 6.124 14.927 11.483l76.936 121.336 73.873-121.719c3.062-5.358 8.421-11.483 14.927-11.483h88.801c4.975 0 9.186 3.445 9.186 7.655 0 1.148-0.766 2.297-1.148 3.445l-130.905 207.075 136.264 215.497c1.148 2.297 1.914 4.211 1.914 6.124-0.383 4.211-3.445 6.507-8.038 6.507zM1595.516 300.14c-4.211 0-8.038 3.062-9.186 7.272l-87.27 322.67c-1.148 6.507-3.062 9.186-8.421 9.186s-7.272-2.297-8.421-9.186l-87.27-322.67c-0.766-4.211-4.594-7.272-9.186-7.272h-85.739c-6.124 0-10.335 5.741-9.186 11.483 0 0 106.408 370.132 107.557 373.577 14.163 44.017 48.611 65.070 92.629 65.070 41.722 0 78.084-22.201 92.629-65.070 1.531-4.975 105.643-373.577 105.643-373.577 1.148-5.741-3.062-11.483-9.186-11.483h-84.591zM2981.886 365.593c-8.421 8.421-18.373 12.632-29.856 12.632s-21.818-4.211-29.856-12.632c-8.038-8.421-12.249-18.373-12.249-30.238 0-11.483 4.211-21.818 12.249-29.856 8.421-8.421 18.373-12.249 29.856-12.249 11.866 0 21.818 4.211 29.856 12.249 8.421 8.421 12.249 18.373 12.249 29.856 0 12.249-3.828 22.201-12.249 30.238zM2926.003 310.092c-6.889 7.272-10.718 15.693-10.718 25.645 0 10.335 3.445 18.755 10.718 26.028 6.889 7.272 15.693 10.718 25.645 10.718s18.755-3.445 25.645-10.718c7.272-7.272 10.718-15.693 10.718-26.028 0-9.952-3.445-18.755-10.718-25.645-7.272-7.272-15.693-10.718-25.645-10.718s-18.373 3.445-25.645 10.718zM2950.882 312.389c5.741 0 9.952 0.383 12.632 1.531 4.975 1.914 7.272 6.124 7.272 11.866 0 4.211-1.531 7.272-4.594 9.186-1.531 1.148-3.828 1.914-6.889 2.297 3.828 0.766 6.124 1.914 8.038 4.594 1.531 2.297 2.68 4.975 2.68 7.272v3.062c0 1.148 0 2.297 0 3.445s0.383 1.914 0.383 2.297l0.383 0.766h-7.655v-6.124c0-5.358-1.531-8.803-4.211-10.718-1.914-1.148-4.594-1.531-9.186-1.531h-6.507v18.373h-8.038v-46.314h15.693zM2959.686 319.661c-1.914-1.148-5.358-1.914-9.952-1.914h-6.889v16.841h7.272c3.445 0 6.124-0.383 7.655-1.148 3.062-1.148 4.975-3.828 4.975-7.272 0.383-3.062-0.766-5.358-3.062-6.507z"],"attrs":[{}],"width":2994,"isMulticolor":false,"isMulticolor2":false,"grid":0,"tags":["vtex"],"colorPermutations":{"255255255140404015151511":[{}],"100100100117217217212552552551404040169901001":[{}]}},"attrs":[{}],"properties":{"order":77,"id":2,"name":"vtex","prevSize":32,"code":59681},"setIdx":0,"setId":2,"iconIdx":8},{"icon":{"paths":["M1310.737 479.363c0 0.007 0 0.016 0 0.024 0 27.911-22.625 50.523-50.523 50.523s-50.523-22.625-50.523-50.523c0-27.911 22.625-50.523 50.523-50.523v0c27.889 0 50.509 22.598 50.523 50.498v0.001zM1260.213 539.008c-32.943 0-59.632-26.704-59.632-59.632s26.704-59.632 59.632-59.632c32.943 0 59.632 26.704 59.632 59.632v0c-0.014 32.923-26.709 59.618-59.631 59.632h-0.001zM1260.213 437.972c-22.853 0-41.391 18.537-41.391 41.391s18.537 41.391 41.391 41.391c22.853 0 41.391-18.537 41.391-41.391v0c-0.041-22.843-18.548-41.363-41.388-41.391h-0.003zM9.608 689.116c10.4 0.87 22.504 0.87 32.904 0.87 30.283 0 54.513-11.233 54.513-57.967v-449.797h89.020v442.852c0 121.179-58.651 152.331-130.574 152.331-2.436 0.056-5.31 0.081-8.204 0.081-13.266 0-26.382-0.654-39.299-1.952l1.638 0.131zM1200.581 148.694v77.165c0 95.034-48.797 146.838-148.155 146.838h-47.070v223.196h-99.396v-594.039h146.404c99.421 0 148.155 51.767 148.155 146.838zM1005.342 86.714v201.166h47.007c31.636 0 48.797-13.582 48.797-56.030v-89.106c0-42.448-17.16-56.030-48.797-56.030zM345.806 117.48v448.282c0 43.219 19.882 58.863 51.48 58.863s51.519-15.582 51.519-58.863v-448.282h93.952v442.23c0 96.923-50.586 152.293-148.155 152.293s-148.155-55.37-148.155-152.293v-442.23zM782.457 65.687l-59.025 479.171-65.162-479.171h124.173zM606.020 655.24v-419.54l80.969 419.54h-80.969zM846.773 655.24v-419.54l-73.462 419.54h73.462zM10.278 840.824h58.029c63.311 0 81.925 43.429 81.925 88.374 0 50.164-25.561 88.896-82.447 88.896h-57.508zM21.213 1008.637h47.715c33.028 0 70.531-18.116 70.531-79.451 0-72.506-46.299-78.954-72.755-78.954h-45.591zM272.094 840.663h10.921v177.27h-10.921v-177.27zM555.109 931.050v86.896h-9.443v-37.75h-0.497c-8.712 25.833-35.775 41.951-67.038 41.951-53.643 0-83.341-40.955-83.341-91.866 0-50.126 30.307-93.843 83.676-93.843 36.521 0 67.536 22.106 73.736 59.073h-10.438c-8.176-30.531-30.866-49.667-63.063-49.667-47.902 0-73.003 40.123-73.003 84.423 0 45.194 24.354 82.447 73.003 82.447 42.199 0 68.765-28.804 67.038-72.257h-65.411v-9.257zM666.796 840.663h10.921v177.27h-10.921v-177.27zM801.679 850.082v-9.42h135.817v9.42h-62.565v167.851h-10.921v-167.851h-62.316zM1073.523 840.824l70.008 177.27h-11.668l-22.341-56.886h-84.882l-22.628 56.862h-11.668l71.276-177.232zM1106.055 951.627l-37.999-100.315h-0.497l-39.477 100.315zM1208.57 840.663h10.921v167.827h100.54v9.443h-111.461v-177.27z"],"attrs":[{}],"width":1328,"isMulticolor":false,"isMulticolor2":false,"grid":0,"tags":["jump"],"colorPermutations":{"255255255140404015151511":[{}],"100100100117217217212552552551404040169901001":[{}]}},"attrs":[{}],"properties":{"order":76,"id":1,"name":"jump","prevSize":32,"code":59682},"setIdx":0,"setId":2,"iconIdx":9},{"icon":{"paths":["M335.808 695.168l138.432 180.48c8.089 12.492 21.957 20.641 37.728 20.641s29.639-8.149 37.622-20.467l0.106-0.175 138.624-180.48c33.344-43.904 9.92-119.168-37.824-119.168h-276.672c-48.192 0-71.744 75.264-38.016 119.168z","M335.872 328.832l138.624-180.48c8.089-12.492 21.957-20.641 37.728-20.641s29.639 8.149 37.622 20.467l0.106 0.175 138.56 180.48c33.152 43.904 9.6 119.168-38.016 119.168h-276.672c-48.128 0-71.68-75.264-37.952-119.168z"],"attrs":[{},{}],"isMulticolor":false,"isMulticolor2":false,"grid":0,"tags":["icono ordenar"],"colorPermutations":{"255255255140404015151511":[{},{}],"100100100117217217212552552551404040169901001":[{},{}]}},"attrs":[{},{}],"properties":{"order":74,"id":0,"name":"icono-ordenar","prevSize":32,"code":59679},"setIdx":0,"setId":2,"iconIdx":10},{"icon":{"paths":["M874.803 148.813c-92.273-91.883-219.54-148.687-360.073-148.687-280.771 0-508.585 226.738-510.326 507.1l-0.001 0.166c-0 0.189-0 0.414-0 0.638 0 93.197 25.28 180.49 69.356 255.395l-1.286-2.363-72.474 262.938 270.285-70.554c70.379 38.873 154.285 61.747 243.534 61.747 0.036 0 0.072-0 0.107-0l0.224 0c0.123 0 0.268 0 0.414 0 280.636 0 508.272-226.918 509.436-507.281l0-0.111c0.001-0.415 0.002-0.906 0.002-1.397 0-139.837-57.056-266.349-149.157-357.525l-0.042-0.041zM514.15 929.613h-0.179c-79.553-0.013-153.994-21.892-217.642-59.953l1.937 1.073-15.36-9.139-160.486 41.856 42.803-155.648-10.061-15.949c-40.648-63.44-64.794-140.84-64.794-223.879 0-0.205 0-0.409 0-0.614l-0 0.032c1.426-233.191 190.794-421.678 424.185-421.678 116.852 0 222.668 47.248 299.387 123.682l-0.013-0.013c76.586 75.815 124.008 180.966 124.008 297.193 0 0.413-0.001 0.826-0.002 1.239l0-0.064c-0.931 233.117-190.123 421.735-423.37 421.735-0.145 0-0.29-0-0.436-0l0.023 0zM746.598 613.76c-12.8-6.349-75.366-37.018-87.040-41.242s-20.173-6.349-28.646 6.349-32.896 41.267-40.346 49.715-14.874 9.523-27.597 3.174c-39.412-15.873-73.314-37.101-102.759-63.238l0.359 0.313c-27.397-25.267-50.899-54.173-69.892-86.076l-0.969-1.758c-7.424-12.8-0.794-19.558 5.581-25.856 5.709-5.683 12.8-14.822 19.123-22.221 5.035-6.090 9.329-13.061 12.584-20.586l0.216-0.56c1.471-2.964 2.332-6.455 2.332-10.147 0-4.464-1.258-8.633-3.439-12.174l0.058 0.101c-3.174-6.349-28.646-68.762-39.296-94.131-10.24-24.73-20.864-21.35-28.646-21.786s-15.923-0.435-24.422-0.435c-13.539 0.357-25.599 6.402-33.928 15.822l-0.043 0.050c-27.497 25.943-44.616 62.629-44.616 103.314 0 0.858 0.008 1.714 0.023 2.568l-0.002-0.129c4.483 50.078 23.337 95.047 52.356 131.578l-0.388-0.506c6.374 8.474 89.856 136.525 217.6 191.462 18.726 8.427 42.801 17.502 67.441 25.308l5.187 1.418c15.254 4.806 32.797 7.576 50.986 7.576 10.33 0 20.452-0.893 30.292-2.607l-1.048 0.151c24.474-3.661 75.366-30.72 85.99-60.288 5.643-12.513 8.931-27.127 8.931-42.508 0-6.281-0.548-12.434-1.6-18.414l0.092 0.634c-3.174-5.274-11.674-8.474-24.422-14.822z"],"attrs":[{"fill":"rgb(69, 90, 100)"}],"width":1229,"grid":16,"tags":["whatsappV4"],"isMulticolor":false,"isMulticolor2":false,"colorPermutations":{"125525525514040401515151169901001":[{"f":3}]}},"attrs":[{"fill":"rgb(69, 90, 100)"}],"properties":{"order":82,"id":468,"name":"whatsappV4","prevSize":32,"code":59685,"codes":[59685,59687,59688]},"setIdx":1,"setId":1,"iconIdx":0},{"icon":{"paths":["M910.746 0l-910.746 910.701 117.656 113.299 793.090-793.045 793 793.045 117.656-113.299z"],"attrs":[{}],"width":1821,"isMulticolor":false,"isMulticolor2":false,"grid":16,"tags":["icono flecha expandir"],"colorPermutations":{"125525525514040401515151169901001":[{}]}},"attrs":[{}],"properties":{"order":75,"id":467,"name":"icono-flecha-expandir","prevSize":32,"code":59680},"setIdx":1,"setId":1,"iconIdx":1},{"icon":{"paths":["M44.045 1024v-48.764h1069.642v48.764zM135.28 699.973l-135.28-234.373 40.899-9.438 113.258 97.52 364.934-97.52-261.122-440.431 51.894-15.73 438.866 391.635 341.363-89.663c5.623-1.923 12.101-3.034 18.838-3.034 14.732 0 28.224 5.309 38.667 14.119l-0.090-0.074c15.837 11.959 25.967 30.751 25.967 51.909 0 0.565-0.007 1.128-0.022 1.69l0.002-0.083c0.001 0.145 0.002 0.316 0.002 0.487 0 14.851-4.714 28.601-12.728 39.835l0.142-0.21c-8.004 11.627-20.146 19.912-34.258 22.75l-0.349 0.059z"],"tags":["home","house"],"defaultCode":59648,"grid":16,"attrs":[{}],"isMulticolor":false,"isMulticolor2":false,"colorPermutations":{"125525525514040401515151169901001":[{}]}},"attrs":[{}],"properties":{"ligatures":"home, house","name":"home","order":40,"id":1,"prevSize":32,"code":59648},"setIdx":1,"setId":1,"iconIdx":2},{"icon":{"paths":["M82.996 1024c-0.075 0-0.164 0-0.253 0-22.764 0-43.296-9.551-57.81-24.863l-0.034-0.036c-15.361-14.772-24.904-35.499-24.904-58.454 0-0.323 0.002-0.646 0.006-0.968l-0 0.049v-651.171c-0-0.075-0-0.164-0-0.253 0-22.764 9.551-43.296 24.863-57.81l0.036-0.034c14.548-15.349 35.080-24.899 57.844-24.899 0.089 0 0.178 0 0.267 0l-0.014-0h131.51v-12.769c-0-0.035-0-0.076-0-0.117 0-53.594 22.259-101.988 58.037-136.443l0.060-0.057c34.143-34.7 81.611-56.202 134.1-56.202 1.112 0 2.221 0.010 3.328 0.029l-0.167-0.002c1.127-0.024 2.454-0.038 3.785-0.038 52.698 0 100.375 21.499 134.738 56.204l0.015 0.015c35.045 33.707 56.816 80.996 56.816 133.371 0 1.141-0.010 2.28-0.031 3.417l0.002-0.17v12.769h132.819c22.607 0.2 42.954 9.706 57.429 24.867l0.030 0.031c15.72 14.432 25.537 35.078 25.537 58.017 0 0.028-0 0.056-0 0.085l0-0.004v651.171c-1.047 45.667-37.443 82.5-82.835 84.241l-0.161 0.005zM256.642 443.050c0.197 0.003 0.43 0.005 0.663 0.005 22.9 0 41.465-18.564 41.465-41.465 0-0.233-0.002-0.466-0.006-0.699l0 0.035v-111.093h-84.246v111.087c-0.003 0.197-0.005 0.43-0.005 0.663 0 22.9 18.564 41.465 41.465 41.465 0.233 0 0.466-0.002 0.699-0.006l-0.035 0zM298.765 205.561h222.18v-12.769c0.013-0.615 0.020-1.339 0.020-2.065 0-29.709-12.226-56.562-31.921-75.803l-0.020-0.020c-19.499-19.733-46.562-31.955-76.48-31.955-0.944 0-1.886 0.012-2.824 0.036l0.139-0.003c-0.615-0.013-1.339-0.020-2.065-0.020-29.709 0-56.562 12.226-75.803 31.921l-0.020 0.020c-20.24 19.835-32.883 47.355-33.198 77.829l-0 0.059zM563.068 443.050c0.197 0.003 0.43 0.005 0.663 0.005 22.9 0 41.465-18.564 41.465-41.465 0-0.233-0.002-0.466-0.006-0.699l0 0.035v-111.093h-84.246v111.087c-0.003 0.197-0.005 0.43-0.005 0.663 0 22.9 18.564 41.465 41.465 41.465 0.233 0 0.466-0.002 0.699-0.006l-0.035 0z"],"tags":["home","house"],"defaultCode":59649,"grid":16,"attrs":[{}],"isMulticolor":false,"isMulticolor2":false,"colorPermutations":{"125525525514040401515151169901001":[{}]}},"attrs":[{}],"properties":{"ligatures":"home2, house2","name":"home2","order":41,"id":2,"prevSize":32,"code":59649},"setIdx":1,"setId":1,"iconIdx":3},{"icon":{"paths":["M89.803 1024c-0.568 0.013-1.238 0.021-1.909 0.021-24.106 0-45.947-9.702-61.83-25.413l0.008 0.008c-16.092-15.366-26.096-36.988-26.096-60.947 0-0.711 0.009-1.42 0.026-2.127l-0.002 0.105v-618.453c-0.014-0.578-0.022-1.259-0.022-1.941 0-23.984 10.002-45.631 26.063-60.999l0.031-0.030c15.902-15.704 37.765-25.404 61.894-25.404 0.646 0 1.29 0.007 1.933 0.021l-0.096-0.002h108.633v-28.969c-0.027-1.2-0.042-2.615-0.042-4.033 0-54.015 22.188-102.848 57.947-137.882l0.033-0.032c35.067-35.783 83.896-57.965 137.906-57.965 1.421 0 2.838 0.015 4.252 0.046l-0.211-0.004c1.063-0.021 2.316-0.033 3.572-0.033 54.517 0 103.791 22.447 139.083 58.603l0.038 0.039c36.185 35.063 58.645 84.108 58.645 138.398 0 1.001-0.008 2-0.023 2.997l0.002-0.151v28.984h108.633c0.343-0.005 0.747-0.008 1.152-0.008 23.886 0 45.505 9.706 61.128 25.39l0.003 0.003c16.093 15.397 26.096 37.045 26.096 61.030 0 0.703-0.009 1.404-0.026 2.104l0.002-0.104v618.408c0.015 0.602 0.024 1.311 0.024 2.023 0 23.959-10.004 45.581-26.064 60.916l-0.033 0.031c-15.61 15.686-37.215 25.393-61.088 25.393-0.42 0-0.84-0.003-1.259-0.009l0.063 0.001zM251.983 199.869v28.969h294.063v-28.969c0.026-1.003 0.040-2.184 0.040-3.368 0-39.589-16.39-75.35-42.754-100.868l-0.038-0.037c-26.033-25.979-61.968-42.043-101.656-42.043-1.167 0-2.331 0.014-3.491 0.042l0.172-0.003c-0.853-0.018-1.858-0.029-2.866-0.029-79.253 0-143.5 64.247-143.5 143.5 0 1.008 0.010 2.013 0.031 3.016l-0.002-0.15zM89.758 970.378h617.064c0.056 0 0.123 0.001 0.19 0.001 9.923 0 18.87-4.177 25.179-10.869l0.016-0.017c6.545-5.937 10.694-14.411 10.885-23.858l0.001-0.034v-618.408c-0.214-9.476-4.358-17.943-10.859-23.868l-0.026-0.024c-6.336-6.683-15.278-10.841-25.191-10.841-0.068 0-0.136 0-0.204 0.001l0.011-0h-107.184v146.337c0.001 0.094 0.002 0.205 0.002 0.315 0 15.026-12.181 27.207-27.207 27.207-0.111 0-0.222-0.001-0.332-0.002l0.017 0c-0.25 0.009-0.545 0.015-0.84 0.015-7.129 0-13.539-3.080-17.971-7.982l-0.019-0.021c-4.498-4.935-7.253-11.527-7.253-18.762 0-0.271 0.004-0.54 0.012-0.809l-0.001 0.039v-146.337h-294.063v146.337c0.001 0.094 0.002 0.205 0.002 0.315 0 15.026-12.181 27.207-27.207 27.207-0.111 0-0.222-0.001-0.332-0.002l0.017 0c-0.25 0.009-0.545 0.015-0.84 0.015-7.129 0-13.539-3.080-17.971-7.982l-0.019-0.021c-4.498-4.935-7.253-11.527-7.253-18.762 0-0.271 0.004-0.54 0.012-0.809l-0.001 0.039v-146.337h-108.588c-0.058-0-0.126-0.001-0.194-0.001-9.913 0-18.855 4.158-25.177 10.826l-0.015 0.016c-6.528 5.948-10.672 14.416-10.885 23.854l-0.001 0.038v618.468c0.192 9.48 4.341 17.955 10.858 23.867l0.028 0.025c6.325 6.709 15.272 10.886 25.195 10.886 0.067 0 0.134-0 0.2-0.001l-0.010 0zM53.547 970.378v0z"],"tags":["home","house"],"defaultCode":59650,"grid":16,"attrs":[{}],"isMulticolor":false,"isMulticolor2":false,"colorPermutations":{"125525525514040401515151169901001":[{}]}},"attrs":[{}],"properties":{"ligatures":"home3, house3","name":"home3","order":42,"id":3,"prevSize":32,"code":59650},"setIdx":1,"setId":1,"iconIdx":4},{"icon":{"paths":["M165.434 1024c-0.345 0.004-0.752 0.007-1.16 0.007-27.475 0-52.285-11.412-69.948-29.754l-0.029-0.031c-18.394-17.992-29.799-43.063-29.799-70.799 0-0.712 0.008-1.423 0.023-2.132l-0.002 0.106v-810.557h-64.519v-61.21h256.422v-49.63h393.715v49.63h258.042v61.21h-64.485v810.557c0.002 0.265 0.004 0.578 0.004 0.891 0 56.157-45.525 101.682-101.682 101.682-0.313 0-0.626-0.001-0.939-0.004l0.048 0zM782.484 110.841h-656.754v810.557c-0 0.036-0 0.079-0 0.122 0 11.363 4.769 21.612 12.415 28.855l0.018 0.017c6.793 7.448 16.469 12.166 27.25 12.381l0.038 0.001h575.675c11.060-0.32 20.967-5 28.114-12.371l0.010-0.010c8.101-7.094 13.199-17.445 13.235-28.987l0-0.006zM312.67 832.097h61.21v-590.581h-61.21zM532.679 832.097h61.21v-590.581h-61.21zM125.73 110.841v0z"],"tags":["office","buildings","work"],"defaultCode":59651,"grid":16,"attrs":[{}],"isMulticolor":false,"isMulticolor2":false,"colorPermutations":{"125525525514040401515151169901001":[{}]}},"attrs":[{}],"properties":{"ligatures":"office, buildings","name":"office","order":43,"id":4,"prevSize":32,"code":59651},"setIdx":1,"setId":1,"iconIdx":5},{"icon":{"paths":["M981.15 1024l-393.737-393.72c-30.564 26.148-66.443 47.176-105.659 61.181l-2.366 0.737c-36.308 13.809-78.285 21.934-122.123 22.226l-0.126 0.001c-2.248 0.053-4.896 0.083-7.552 0.083-96.622 0-183.935-39.855-246.397-104.021l-0.075-0.077c-63.71-62.769-103.181-149.989-103.181-246.428 0-2.377 0.024-4.749 0.072-7.115l-0.006 0.354c-0.042-2.005-0.066-4.369-0.066-6.738 0-96.466 39.469-183.714 103.14-246.476l0.041-0.040c62.258-64.194 149.311-104.035 245.669-104.035 2.408 0 4.811 0.025 7.207 0.074l-0.358-0.006c2.242-0.052 4.884-0.082 7.533-0.082 96.698 0 184.179 39.465 247.214 103.167l0.030 0.030c64.254 62.536 104.116 149.854 104.116 246.482 0 2.675-0.031 5.343-0.091 8.003l0.007-0.396c-0.010 45.697-8.751 89.35-24.646 129.385l0.831-2.373c-15.037 40.199-35.443 74.898-60.798 105.329l0.468-0.577 393.72 392.165zM357.221 655.731c0.925 0.010 2.017 0.016 3.111 0.016 163.127 0 295.368-132.241 295.368-295.368 0-1.117-0.006-2.232-0.019-3.345l0.001 0.17c0.056-2.122 0.088-4.62 0.088-7.126 0-80.567-33.135-153.395-86.521-205.6l-0.053-0.052c-52.808-52.984-125.856-85.768-206.56-85.768-2.462 0-4.918 0.031-7.365 0.091l0.362-0.007c-1.932-0.047-4.207-0.073-6.489-0.073-80.111 0-152.555 32.828-204.613 85.767l-0.039 0.040c-53.001 52.391-85.826 125.095-85.826 205.465 0 2.571 0.034 5.135 0.1 7.69l-0.008-0.378c-0.042 1.84-0.066 4.008-0.066 6.181 0 80.469 32.808 153.276 85.778 205.773l0.021 0.021c52.259 53.439 125.089 86.574 205.659 86.574 2.503 0 4.999-0.032 7.487-0.096l-0.368 0.007z"],"tags":["newspaper","news","paper"],"defaultCode":59652,"grid":16,"attrs":[{}],"isMulticolor":false,"isMulticolor2":false,"colorPermutations":{"125525525514040401515151169901001":[{}]}},"attrs":[{}],"properties":{"ligatures":"newspaper, news","name":"newspaper","order":44,"id":5,"prevSize":32,"code":59652},"setIdx":1,"setId":1,"iconIdx":6},{"icon":{"paths":["M294.906 1024c-0.904 0.016-1.97 0.025-3.038 0.025-51.284 0-97.622-21.18-130.743-55.27l-0.042-0.044c-34.134-33.161-55.314-79.498-55.314-130.781 0-1.069 0.009-2.137 0.028-3.202l-0.002 0.16h-105.794v-738.735c-0-0.089-0-0.195-0-0.301 0-26.37 11.065-50.156 28.805-66.968l0.042-0.039c16.851-17.782 40.637-28.847 67.007-28.847 0.106 0 0.212 0 0.318 0.001l-0.016-0h927.862v267.645h168.27l217.941 290.057v277.203h-113.774c-0.070 104.459-84.766 189.113-189.235 189.113-52.189 0-99.443-21.126-133.677-55.294l0.003 0.003c-34.134-33.161-55.314-79.498-55.314-130.781 0-1.069 0.009-2.137 0.028-3.202l-0.002 0.16h-434.288c0.016 0.905 0.025 1.972 0.025 3.041 0 51.283-21.18 97.62-55.27 130.739l-0.044 0.042c-33.161 34.124-79.492 55.297-130.768 55.297-1.057 0-2.111-0.009-3.163-0.027l0.158 0.002zM294.906 927.846c0.014 0 0.031 0 0.047 0 51.334 0 92.949-41.615 92.949-92.949s-41.615-92.949-92.949-92.949c-25.681 0-48.929 10.415-65.752 27.251l-0.001 0.001c-16.809 16.818-27.205 40.048-27.205 65.705 0 51.321 41.592 92.927 92.908 92.949l0.002 0zM96.154 738.759h35.257c17.612-28.175 40.735-51.299 68.022-68.391l0.889-0.519c25.851-16.085 57.227-25.621 90.83-25.621 0.745 0 1.489 0.005 2.232 0.014l-0.113-0.001c0.47-0.005 1.025-0.007 1.581-0.007 34.156 0 66.011 9.849 92.881 26.862l-0.712-0.421c28.201 17.623 51.514 40.426 69.192 67.269l0.52 0.84h471.147v-642.63h-831.725zM1107.35 927.854c0.025 0 0.054 0 0.083 0 51.371 0 93.015-41.644 93.015-93.015s-41.644-93.015-93.015-93.015c-51.371 0-93.015 41.644-93.015 93.015 0 25.677 10.404 48.924 27.227 65.755l-0-0c16.3 16.826 39.103 27.271 64.345 27.271 0.478 0 0.956-0.004 1.433-0.011l-0.072 0.001zM1024.017 600.938h298.069l-177.877-237.172h-120.193z"],"tags":["pencil","write","edit"],"defaultCode":59653,"grid":16,"attrs":[{}],"isMulticolor":false,"isMulticolor2":false,"colorPermutations":{"125525525514040401515151169901001":[{}]}},"attrs":[{}],"properties":{"ligatures":"pencil, write","name":"pencil","order":45,"id":6,"prevSize":32,"code":59653},"setIdx":1,"setId":1,"iconIdx":7},{"icon":{"paths":["M73.146 1024c-0.374 0.007-0.815 0.011-1.258 0.011-19.817 0-37.725-8.172-50.539-21.33l-0.015-0.016c-13.173-12.829-21.345-30.737-21.345-50.554 0-0.442 0.004-0.884 0.012-1.324l-0.001 0.066v-529.067c-0.007-0.374-0.011-0.815-0.011-1.258 0-19.817 8.172-37.725 21.33-50.539l0.016-0.015c12.829-13.173 30.737-21.345 50.554-21.345 0.442 0 0.884 0.004 1.324 0.012l-0.066-0.001h85.336v-117.020c-0.021-1.136-0.033-2.476-0.033-3.819 0-62.788 25.916-119.524 67.634-160.093l0.052-0.050c40.622-41.774 97.361-67.692 160.154-67.692 1.341 0 2.679 0.012 4.015 0.035l-0.201-0.003c1.133-0.021 2.469-0.032 3.808-0.032 62.793 0 119.532 25.918 160.104 67.64l0.050 0.052c41.774 40.62 67.692 97.357 67.692 160.149 0 1.341-0.012 2.678-0.035 4.013l0.003-0.2v117.027h85.336c0.092-0 0.2-0.001 0.309-0.001 40.227 0 72.838 32.611 72.838 72.838 0 0.109-0 0.217-0.001 0.325l0-0.017v529.067c0 0.092 0.001 0.2 0.001 0.309 0 40.227-32.611 72.838-72.838 72.838-0.109 0-0.217-0-0.325-0.001l0.017 0zM73.146 950.854h633.916v-529.067h-633.916zM390.103 780.188c0.502 0.010 1.095 0.016 1.688 0.016 25.29 0 48.184-10.256 64.752-26.835l0.001-0.001c16.908-15.924 27.437-38.46 27.437-63.455 0-0.407-0.003-0.813-0.008-1.218l0.001 0.062c-0.204-25.896-10.634-49.316-27.445-66.456l0.015 0.015c-16.348-18.361-40.050-29.869-66.441-29.869s-50.093 11.508-66.363 29.78l-0.078 0.089c-16.795 17.124-27.225 40.545-27.429 66.401l-0 0.040c-0.005 0.344-0.008 0.75-0.008 1.157 0 24.995 10.529 47.531 27.393 63.414l0.044 0.041c16.568 16.58 39.462 26.836 64.752 26.836 0.594 0 1.186-0.006 1.777-0.017l-0.089 0.001zM231.621 348.648h316.97v-117.027c0.014-0.759 0.021-1.655 0.021-2.553 0-42.975-17.746-81.805-46.311-109.562l-0.036-0.035c-27.793-28.601-66.624-46.347-109.6-46.347-0.901 0-1.8 0.008-2.697 0.023l0.135-0.002c-0.76-0.014-1.657-0.021-2.556-0.021-42.976 0-81.807 17.746-109.565 46.311l-0.035 0.036c-28.601 27.792-46.347 66.622-46.347 109.597 0 0.898 0.008 1.793 0.023 2.687l-0.002-0.134zM73.146 950.854v0z"],"tags":["pencil","write","edit"],"defaultCode":59654,"grid":16,"attrs":[{}],"isMulticolor":false,"isMulticolor2":false,"colorPermutations":{"125525525514040401515151169901001":[{}]}},"attrs":[{}],"properties":{"ligatures":"pencil2, write2","name":"pencil2","order":46,"id":7,"prevSize":32,"code":59654},"setIdx":1,"setId":1,"iconIdx":8},{"icon":{"paths":["M-0 1024v-682.669l457.965-341.331 452.276 341.331v682.662h-332.841v-405.326h-246.024v405.333zM85.336 938.664h160.71v-405.333h416.704v405.333h162.139v-554.665l-366.924-277.336-372.628 277.336z"],"tags":["quill","feather","write","edit"],"defaultCode":59655,"grid":16,"attrs":[{}],"isMulticolor":false,"isMulticolor2":false,"colorPermutations":{"125525525514040401515151169901001":[{}]}},"attrs":[{}],"properties":{"ligatures":"quill, feather","name":"quill","order":47,"id":8,"prevSize":32,"code":59655},"setIdx":1,"setId":1,"iconIdx":9},{"icon":{"paths":["M53.464 1024l-53.464-55.52 456.501-456.48-456.501-456.48 53.464-55.52 456.501 458.536 456.48-458.536 53.464 55.52-456.501 456.48 456.501 456.48-53.464 55.52-456.48-458.536z"],"tags":["pen","write","edit"],"defaultCode":59656,"grid":16,"attrs":[{}],"isMulticolor":false,"isMulticolor2":false,"colorPermutations":{"125525525514040401515151169901001":[{}]}},"attrs":[{}],"properties":{"ligatures":"pen, write3","name":"pen","order":48,"id":9,"prevSize":32,"code":59656},"setIdx":1,"setId":1,"iconIdx":10},{"icon":{"paths":["M1300.502 129.716v764.569c0.019 0.808 0.029 1.76 0.029 2.714 0 35.031-14.385 66.703-37.571 89.429l-0.021 0.020c-22.432 23.184-53.827 37.576-88.583 37.576-0.654 0-1.307-0.005-1.958-0.015l0.098 0.001h-1044.491c-0.553 0.009-1.206 0.014-1.86 0.014-34.757 0-66.152-14.392-88.55-37.542l-0.033-0.034c-23.206-22.747-37.592-54.418-37.592-89.449 0-0.954 0.011-1.906 0.032-2.856l-0.002 0.141v-764.569c-0.019-0.808-0.029-1.76-0.029-2.714 0-35.031 14.385-66.703 37.571-89.429l0.021-0.020c22.431-23.178 53.822-37.566 88.573-37.566 0.658 0 1.314 0.005 1.969 0.015l-0.099-0.001h1044.502c0.553-0.009 1.206-0.014 1.86-0.014 34.757 0 66.152 14.392 88.55 37.542l0.033 0.034c23.2 22.746 37.581 54.413 37.581 89.439 0 0.954-0.011 1.906-0.032 2.855l0.002-0.141zM87.044 274.76h1126.446v-145.044c-0.333-11.42-5.164-21.651-12.774-29.032l-0.011-0.010c-6.823-8.102-16.86-13.309-28.122-13.639l-0.055-0.001h-1044.523c-11.317 0.331-21.354 5.537-28.13 13.582l-0.047 0.058c-7.621 7.392-12.452 17.623-12.783 28.982l-0.001 0.061zM87.044 467.639v426.646c0.33 11.419 5.157 21.649 12.764 29.033l0.010 0.010c6.823 8.102 16.86 13.309 28.122 13.639l0.055 0.001h1044.502c11.317-0.331 21.354-5.537 28.13-13.582l0.047-0.058c7.621-7.392 12.452-17.623 12.783-28.982l0.001-0.061v-426.603zM87.044 936.956v0z"],"tags":["blog","pen","feed","publish","broadcast","write"],"defaultCode":59657,"grid":16,"attrs":[{}],"isMulticolor":false,"isMulticolor2":false,"colorPermutations":{"125525525514040401515151169901001":[{}]}},"attrs":[{}],"properties":{"ligatures":"blog, pen2","name":"blog","order":49,"id":10,"prevSize":32,"code":59657},"setIdx":1,"setId":1,"iconIdx":11},{"icon":{"paths":["M701.224 1024h-493.429v-57.509h495.342c1.668 0.029 3.636 0.046 5.608 0.046 89.475 0 170.961-34.204 232.095-90.251l-0.255 0.23c61.551-53.521 100.239-131.955 100.239-219.425 0-2.097-0.022-4.19-0.067-6.277l0.005 0.311c0.039-1.776 0.061-3.868 0.061-5.965 0-87.47-38.688-165.904-99.886-219.124l-0.353-0.301c-60.88-55.816-142.366-90.020-231.841-90.020-1.972 0-3.94 0.017-5.904 0.050l0.296-0.004h-593.684l239.304 239.313-40.842 40.813-307.915-307.973 307.915-307.915 40.813 40.813-239.275 237.458h591.771c1.835-0.030 4-0.048 6.17-0.048 105.663 0 201.76 40.954 273.284 107.855l-0.226-0.209c72.396 63.585 117.846 156.343 117.846 259.717 0 1.955-0.016 3.905-0.049 5.852l0.004-0.293c0.029 1.653 0.045 3.604 0.045 5.559 0 103.374-45.45 196.132-117.458 259.383l-0.389 0.335c-71.295 66.68-167.385 107.627-273.038 107.627-2.177 0-4.349-0.017-6.517-0.052l0.327 0.004z"],"tags":["eyedropper","color","color-picker","sample"],"defaultCode":59658,"grid":16,"attrs":[{}],"isMulticolor":false,"isMulticolor2":false,"colorPermutations":{"125525525514040401515151169901001":[{}]}},"attrs":[{}],"properties":{"ligatures":"eyedropper, color","name":"eyedropper","order":72,"id":11,"prevSize":32,"code":59658},"setIdx":1,"setId":1,"iconIdx":12},{"icon":{"paths":["M74.116 1024c-0.069 0-0.151 0-0.232 0-20.326 0-38.66-8.529-51.619-22.203l-0.030-0.032c-13.706-12.989-22.235-31.323-22.235-51.649 0-0.082 0-0.163 0-0.245l-0 0.013v-741.13c-0-0.069-0-0.151-0-0.232 0-20.326 8.529-38.66 22.203-51.619l0.032-0.030c12.987-13.688 31.308-22.203 51.619-22.203 0.092 0 0.184 0 0.276 0.001l-0.014-0h500.271l-74.116 74.116h-426.155v741.162h741.162v-429.918l74.116-74.116v503.971c-1.018 40.517-33.599 73.099-74.021 74.114l-0.096 0.002zM669.503 144.527l53.117 51.881-352.039 350.797v106.227h104.998l353.268-353.274 51.881 51.881-374.28 375.509h-209.989v-209.989zM880.728 352.045l-211.225-207.525 123.527-123.527c12.907-12.995 30.785-21.039 50.541-21.039 0.688 0 1.375 0.010 2.058 0.029l-0.101-0.002c0.492-0.013 1.071-0.020 1.653-0.020 20.080 0 38.162 8.551 50.805 22.209l0.042 0.045 103.788 104.992c12.998 13.31 21.017 31.532 21.017 51.628 0 0.306-0.002 0.612-0.006 0.918l0-0.046c0.005 0.309 0.008 0.674 0.008 1.039 0 19.884-8.556 37.769-22.188 50.175l-0.055 0.049z"],"tags":["droplet","color","water"],"defaultCode":59659,"grid":16,"attrs":[{}],"isMulticolor":false,"isMulticolor2":false,"colorPermutations":{"125525525514040401515151169901001":[{}]}},"attrs":[{}],"properties":{"ligatures":"droplet, color2","name":"droplet","order":13,"id":12,"prevSize":32,"code":59659},"setIdx":1,"setId":1,"iconIdx":13},{"icon":{"paths":["M92.064 1024c-0.083 0-0.182 0-0.281 0-25.251 0-48.027-10.594-64.127-27.58l-0.037-0.040c-17.026-16.137-27.62-38.913-27.62-64.164 0-0.099 0-0.197 0-0.296l-0 0.015v-838.485c-0.003-0.295-0.005-0.643-0.005-0.991 0-25.463 10.585-48.455 27.595-64.813l0.029-0.028c16.137-17.026 38.913-27.62 64.164-27.62 0.099 0 0.197 0 0.296 0l-0.015-0h838.47c0.302-0.004 0.659-0.006 1.017-0.006 25.465 0 48.457 10.585 64.816 27.596l0.028 0.029c17.040 16.387 27.625 39.378 27.625 64.841 0 0.359-0.002 0.717-0.006 1.074l0.001-0.054v838.455c0 0.083 0 0.182 0 0.281 0 25.251-10.594 48.027-27.58 64.127l-0.040 0.037c-16.387 17.040-39.378 27.625-64.841 27.625-0.359 0-0.717-0.002-1.074-0.006l0.054 0.001zM222.363 801.637h287.523v-119.004h-287.523zM283.267 552.363l228.036-114.719 228.028 114.719v-458.912h-456.064z"],"tags":["paint-format","format","color"],"defaultCode":59660,"grid":16,"attrs":[{}],"isMulticolor":false,"isMulticolor2":false,"colorPermutations":{"125525525514040401515151169901001":[{}]}},"attrs":[{}],"properties":{"ligatures":"paint-format, format","name":"paint-format","order":50,"id":13,"prevSize":32,"code":59660},"setIdx":1,"setId":1,"iconIdx":14},{"icon":{"paths":["M-0 1024.083v-1024.083l1211.125 510.994zM74.439 911.418l945.496-400.424-945.496-398.329v311.819l380.243 86.51-380.243 88.522zM74.439 911.418v0z"],"tags":["image","picture","photo","graphic"],"defaultCode":59661,"grid":16,"attrs":[{}],"isMulticolor":false,"isMulticolor2":false,"colorPermutations":{"125525525514040401515151169901001":[{}]}},"attrs":[{}],"properties":{"ligatures":"image, picture","name":"image","order":51,"id":14,"prevSize":32,"code":59661},"setIdx":1,"setId":1,"iconIdx":15},{"icon":{"width":1152,"paths":["M577.225 1024l-45.658-40.766q-158.171-145.126-260.9-247.838c-56.924-55.794-110.263-114.567-160.039-176.331l-3.024-3.878c-33.44-40.502-61.661-87.044-82.597-137.377l-1.338-3.63c-14.793-37.739-23.459-81.429-23.669-127.118l-0-0.088c-0.037-1.693-0.058-3.689-0.058-5.689 0-155.381 125.961-281.342 281.342-281.342 2.006 0 4.008 0.021 6.004 0.063l-0.298-0.005c0.221-0.001 0.483-0.001 0.745-0.001 58.474 0 113.123 16.376 159.611 44.792l-1.344-0.764c53.214 33.226 97.133 76.378 130.243 127.215l0.98 1.605c34.091-52.442 78.010-95.594 129.479-127.801l1.745-1.018c45.144-27.652 99.793-44.028 158.267-44.028 0.262 0 0.524 0 0.786 0.001l-0.041-0c1.71-0.037 3.725-0.059 5.746-0.059 155.353 0 281.292 125.939 281.292 281.292 0 1.445-0.011 2.888-0.033 4.328l0.003-0.218c-0.076 46.303-8.703 90.569-24.385 131.334l0.85-2.514c-22.267 53.928-50.269 100.454-84.119 142.029l0.806-1.021c-52.557 66.074-105.914 125.115-162.709 180.655l-0.353 0.344q-103.503 103.57-261.674 247.116z"],"tags":["images","pictures","photos","graphics"],"defaultCode":59662,"grid":16,"attrs":[{}],"isMulticolor":false,"isMulticolor2":false,"colorPermutations":{"125525525514040401515151169901001":[{}]}},"attrs":[{}],"properties":{"ligatures":"images, pictures","name":"images","order":52,"id":15,"prevSize":32,"code":59662},"setIdx":1,"setId":1,"iconIdx":16},{"icon":{"paths":["M577.225 1024l-45.658-40.766q-158.171-145.126-260.9-247.838c-56.924-55.794-110.263-114.567-160.039-176.331l-3.024-3.878c-33.44-40.502-61.661-87.044-82.597-137.377l-1.338-3.63c-14.793-37.739-23.459-81.429-23.669-127.118l-0-0.088c-0.037-1.693-0.058-3.689-0.058-5.689 0-155.381 125.961-281.342 281.342-281.342 2.006 0 4.008 0.021 6.004 0.063l-0.298-0.005c0.221-0.001 0.483-0.001 0.745-0.001 58.474 0 113.123 16.376 159.611 44.792l-1.344-0.764c53.214 33.226 97.133 76.378 130.243 127.215l0.98 1.605c34.091-52.442 78.010-95.594 129.479-127.801l1.745-1.018c45.144-27.652 99.793-44.028 158.267-44.028 0.262 0 0.524 0 0.786 0.001l-0.041-0c1.71-0.037 3.725-0.059 5.746-0.059 155.353 0 281.292 125.939 281.292 281.292 0 1.445-0.011 2.888-0.033 4.328l0.003-0.218c-0.076 46.303-8.703 90.569-24.385 131.334l0.85-2.514c-22.267 53.928-50.269 100.454-84.119 142.029l0.806-1.021c-52.557 66.074-105.914 125.115-162.709 180.655l-0.353 0.344q-103.503 103.57-261.674 247.116zM577.225 944.099q154.876-141.814 254.378-241.333c54.994-53.959 106.712-110.594 155.217-169.957l2.954-3.73c31.666-37.668 58.945-80.615 80.098-126.946l1.433-3.504c14.159-32.955 22.523-71.288 22.828-111.539l0.001-0.117c0.060-1.914 0.095-4.166 0.095-6.425 0-60.981-24.991-116.126-65.289-155.751l-0.030-0.030c-39.916-39.856-95.027-64.503-155.895-64.503-1.929 0-3.853 0.025-5.77 0.074l0.283-0.006c-0.077-0-0.169-0-0.261-0-53.214 0-102.582 16.465-143.288 44.578l0.844-0.551c-49.129 35.488-88.943 80.787-117.152 133.252l-1.027 2.090h-58.77c-30.028-54.264-70.016-99.459-117.884-134.537l-1.152-0.805c-39.448-27.554-88.41-44.028-141.219-44.028-0.227 0-0.454 0-0.681 0.001l0.036-0c-1.634-0.043-3.557-0.068-5.487-0.068-60.868 0-115.979 24.647-155.897 64.506l0.003-0.003c-40.329 39.655-65.32 94.799-65.32 155.78 0 2.259 0.034 4.511 0.102 6.753l-0.008-0.328c0.366 40.67 8.728 79.288 23.588 114.494l-0.742-1.98c22.187 49.853 49.209 92.82 81.398 131.319l-0.707-0.869c51.185 62.775 102.908 119.142 157.696 172.37l0.475 0.459q100.242 99.519 255.151 241.333z"],"tags":["camera","photo","picture","image"],"defaultCode":59663,"grid":16,"attrs":[{}],"isMulticolor":false,"isMulticolor2":false,"colorPermutations":{"125525525514040401515151169901001":[{}]}},"attrs":[{}],"properties":{"ligatures":"camera, photo","name":"camera","order":53,"id":16,"prevSize":32,"code":59663},"setIdx":1,"setId":1,"iconIdx":17},{"icon":{"paths":["M49.617 1024l-49.617-48.217 464.461-463.097-464.461-463.069 49.617-49.617 511.314 512.686z"],"tags":["headphones","headset","music","audio"],"defaultCode":59664,"grid":16,"attrs":[{}],"isMulticolor":false,"isMulticolor2":false,"colorPermutations":{"125525525514040401515151169901001":[{}]}},"attrs":[{}],"properties":{"ligatures":"headphones, headset","name":"headphones","order":54,"id":17,"prevSize":32,"code":59664},"setIdx":1,"setId":1,"iconIdx":18},{"icon":{"paths":["M910.746 1024l-910.746-910.567 117.656-113.433 793.090 793.045 793-793.045 117.701 113.433z"],"tags":["music","song","audio","sound","note"],"defaultCode":59665,"grid":16,"attrs":[{}],"isMulticolor":false,"isMulticolor2":false,"colorPermutations":{"125525525514040401515151169901001":[{}]}},"attrs":[{}],"properties":{"ligatures":"music, song","name":"music","order":55,"id":18,"prevSize":32,"code":59665},"setIdx":1,"setId":1,"iconIdx":19},{"icon":{"paths":["M513.391 1024l-513.391-512.004 513.391-511.996 49.684 48.304-465.087 463.693 465.080 462.32z"],"tags":["play","video","movie"],"defaultCode":59666,"grid":16,"attrs":[{}],"isMulticolor":false,"isMulticolor2":false,"colorPermutations":{"125525525514040401515151169901001":[{}]}},"attrs":[{}],"properties":{"ligatures":"play, video","name":"play","order":56,"id":19,"prevSize":32,"code":59666},"setIdx":1,"setId":1,"iconIdx":20},{"icon":{"paths":["M505.055 1024.004v-337.174h-135.966v337.174h-43.009v-699.32q-88.825-6.932-171.383-19.429t-154.697-29.149l9.716-43.009c57.726 14.573 129.175 27.492 201.976 35.982l8.243 0.782c64.144 7.525 138.453 11.817 213.764 11.817 1.185 0 2.37-0.001 3.555-0.003l-0.184 0c1.002 0.002 2.188 0.003 3.375 0.003 75.312 0 149.62-4.293 222.695-12.648l-8.931 0.83c81.785-9.382 153.718-22.301 224.057-39.303l-12.438 2.539 8.313 43.009q-72.155 16.671-154.697 28.455t-171.383 20.131v699.312zM645.267 756.215q-6.37-44.432-10.839-92.194v-119.477q3.745-47.805 10.464-92.194t15.684-83.244l23.143 5.221c-7.811 31.010-14.762 69.454-19.353 108.619l-0.429 4.496c-4.040 35.060-6.345 75.689-6.345 116.856s2.305 81.795 6.792 121.763l-0.448-4.908c5.083 44.065 12.033 82.767 21.158 120.622l-1.376-6.759-23.143 4.469q-8.95-38.839-15.305-83.271zM190.44 834.982c7.749-31.095 14.699-69.797 19.336-109.207l0.446-4.655c4.040-34.532 6.345-74.539 6.345-115.084 0-0.623-0.001-1.246-0.002-1.869l0 0.097c0.001-0.523 0.001-1.142 0.001-1.76 0-40.543-2.305-80.547-6.791-119.889l0.446 4.813c-5.020-43.661-11.971-82.105-21.135-119.681l1.353 6.567 23.143-5.221q8.992 38.813 15.684 83.244t10.464 92.194v119.458q-4.503 47.767-10.855 92.221t-15.313 83.244zM373.236 153.324c-16.256-15.467-26.367-37.264-26.367-61.421 0-0.603 0.006-1.204 0.019-1.804l-0.001 0.090c-0.008-0.429-0.012-0.934-0.012-1.441 0-24.462 10.093-46.567 26.342-62.378l0.020-0.019c15.83-16.268 37.935-26.361 62.397-26.361 0.505 0 1.010 0.004 1.513 0.013l-0.076-0.001c0.493-0.010 1.075-0.016 1.658-0.016 24.271 0 46.249 9.815 62.183 25.692l-0.003-0.003c16.256 15.459 26.367 37.248 26.367 61.399 0 0.6-0.006 1.199-0.019 1.797l0.001-0.089c0.008 0.429 0.012 0.934 0.012 1.441 0 24.462-10.093 46.567-26.342 62.378l-0.020 0.019c-15.821 16.288-37.929 26.395-62.398 26.395-0.506 0-1.012-0.004-1.516-0.013l0.076 0.001c-0.479 0.009-1.044 0.015-1.61 0.015-24.285 0-46.278-9.816-62.227-25.696l0.003 0.003z"],"tags":["film","video","movie","tape","play"],"defaultCode":59667,"grid":16,"attrs":[{}],"isMulticolor":false,"isMulticolor2":false,"colorPermutations":{"125525525514040401515151169901001":[{}]}},"attrs":[{}],"properties":{"ligatures":"film, video2","name":"film","order":57,"id":20,"prevSize":32,"code":59667},"setIdx":1,"setId":1,"iconIdx":21},{"icon":{"paths":["M808.131 567.405c-0.819 0.016-1.785 0.025-2.753 0.025-82.906 0-150.114-67.208-150.114-150.114 0-0.965 0.009-1.927 0.027-2.887l-0.002 0.144c-0.016-0.819-0.025-1.785-0.025-2.753 0-82.906 67.208-150.114 150.114-150.114 0.968 0 1.934 0.009 2.898 0.027l-0.145-0.002c0.819-0.016 1.785-0.025 2.753-0.025 82.906 0 150.114 67.208 150.114 150.114 0 0.965-0.009 1.927-0.027 2.887l0.002-0.144c0.016 0.819 0.025 1.785 0.025 2.753 0 82.906-67.208 150.114-150.114 150.114-0.968 0-1.934-0.009-2.898-0.027l0.145 0.002zM299.972 829.137c-0.393 0.005-0.856 0.008-1.321 0.008-29.105 0-55.389-12.076-74.115-31.491l-0.030-0.031c-19.426-18.414-31.514-44.403-31.514-73.215 0-0.12 0-0.239 0.001-0.359l-0 0.019v-617.079c-0.005-0.393-0.008-0.856-0.008-1.321 0-29.105 12.076-55.389 31.491-74.115l0.031-0.030c18.756-19.446 45.040-31.522 74.145-31.522 0.464 0 0.928 0.003 1.391 0.009l-0.070-0.001h1016.348c0.101-0 0.221-0.001 0.34-0.001 28.812 0 54.801 12.088 73.172 31.469l0.043 0.045c19.446 18.756 31.522 45.040 31.522 74.145 0 0.464-0.003 0.928-0.009 1.391l0.001-0.070v617.079c-1.445 57.443-47.636 103.634-104.943 105.076l-0.136 0.003zM393.587 769.91h829.146c-0.004-0.405-0.007-0.883-0.007-1.363 0-38.356 15.718-73.042 41.064-97.966l0.019-0.019c24.636-25.926 59.371-42.053 97.873-42.053 0.854 0 1.707 0.008 2.557 0.024l-0.128-0.002v-427.937c-0.723 0.014-1.575 0.022-2.43 0.022-38.502 0-73.237-16.127-97.818-41.996l-0.055-0.058c-25.365-24.943-41.083-59.628-41.083-97.985 0-0.479 0.002-0.958 0.007-1.435l-0.001 0.073h-829.176c0.003 0.342 0.005 0.745 0.005 1.149 0 38.591-16.094 73.423-41.937 98.15l-0.050 0.048c-24.78 25.922-59.633 42.036-98.249 42.036-0.386 0-0.772-0.002-1.158-0.005l0.059 0v427.947c0.329-0.003 0.718-0.005 1.108-0.005 38.611 0 73.46 16.11 98.191 41.975l0.048 0.051c25.922 24.779 42.036 59.63 42.036 98.244 0 0.388-0.002 0.775-0.005 1.162l0-0.059zM1195.986 1023.99h-1090.908c-0.011 0-0.024 0-0.037 0-29.094 0-55.269-12.499-73.448-32.421l-0.070-0.078c-19.436-18.901-31.499-45.295-31.514-74.508l-0-0.003v-689.639h57.316v689.669c0.471 12.944 6.262 24.449 15.239 32.459l0.045 0.039c8.049 9.022 19.554 14.813 32.417 15.282l0.081 0.002h1090.848zM299.972 769.91h-47.763v-710.684h47.763c-26.11 0.658-47.105 21.653-47.762 47.701l-0.001 0.062v617.079c-0.002 0.163-0.004 0.355-0.004 0.548 0 12.685 5.521 24.080 14.291 31.914l0.042 0.037c8.528 8.257 20.167 13.346 32.994 13.346 0.144 0 0.288-0.001 0.432-0.002l-0.022 0z"],"tags":["video-camera","video","media","film","movie"],"defaultCode":59668,"grid":16,"attrs":[{}],"isMulticolor":false,"isMulticolor2":false,"colorPermutations":{"125525525514040401515151169901001":[{}]}},"attrs":[{}],"properties":{"ligatures":"video-camera, video3","name":"video-camera","order":58,"id":21,"prevSize":32,"code":59668},"setIdx":1,"setId":1,"iconIdx":22},{"icon":{"paths":["M0 1024v-91.496h1659.729v91.521zM0 556.524v-91.521h1659.729v91.521zM0 91.521v-91.521h1659.729v91.521z"],"tags":["dice","game","chance","luck","random","gample"],"defaultCode":59669,"grid":16,"attrs":[{}],"isMulticolor":false,"isMulticolor2":false,"colorPermutations":{"125525525514040401515151169901001":[{}]}},"attrs":[{}],"properties":{"ligatures":"dice, game","name":"dice","order":59,"id":22,"prevSize":32,"code":59669},"setIdx":1,"setId":1,"iconIdx":23},{"icon":{"paths":["M77.831 239.601h1007.226v-125.143c-0.204-9.976-4.56-18.896-11.404-25.132l-0.028-0.025c-6.273-6.881-15.204-11.245-25.157-11.459l-0.038-0.001h-933.973c-9.991 0.215-18.922 4.579-25.17 11.432l-0.025 0.028c-6.872 6.261-11.228 15.181-11.431 25.121l-0.001 0.036zM0 114.457c-0.008-0.485-0.012-1.058-0.012-1.631 0-31.088 12.868-59.17 33.569-79.21l0.030-0.029c20.057-20.73 48.13-33.599 79.208-33.599 0.585 0 1.168 0.005 1.751 0.014l-0.088-0.001h933.954c0.495-0.008 1.078-0.013 1.663-0.013 31.078 0 59.15 12.869 79.178 33.569l0.029 0.030c20.73 20.069 33.599 48.151 33.599 79.239 0 0.574-0.004 1.146-0.013 1.718l0.001-0.086v306.727h-1085.038v379.989c0.298 10.211 4.617 19.359 11.422 25.96l0.010 0.009c6.101 7.245 15.076 11.9 25.145 12.195l0.050 0.001h358.636v77.831h-358.636c-0.495 0.008-1.078 0.013-1.663 0.013-31.078 0-59.15-12.869-79.178-33.569l-0.029-0.030c-20.75-20.339-33.613-48.659-33.613-79.982 0-0.853 0.010-1.705 0.029-2.553l-0.002 0.126zM752.351 1024l-238.053-238.062 56.441-54.94 181.631 181.584 357.098-357.126 56.441 53.401zM77.831 114.457v686.716c0.298 10.211 4.617 19.359 11.422 25.96l0.010 0.009c6.101 7.245 15.076 11.9 25.145 12.195l0.050 0.001h-36.626v-761.536h36.626c-9.991 0.215-18.922 4.579-25.17 11.432l-0.025 0.028c-6.881 6.269-11.239 15.205-11.431 25.161l-0.001 0.034z"],"tags":["pacman","game","arcade"],"defaultCode":59670,"grid":16,"attrs":[{}],"isMulticolor":false,"isMulticolor2":false,"colorPermutations":{"125525525514040401515151169901001":[{}]}},"attrs":[{}],"properties":{"ligatures":"pacman, game2","name":"pacman","order":70,"id":23,"prevSize":32,"code":59670},"setIdx":1,"setId":1,"iconIdx":24},{"icon":{"paths":["M104.268 1024c-0.338 0.004-0.738 0.006-1.138 0.006-28.411 0-54.063-11.811-72.315-30.79l-0.031-0.033c-18.993-18.281-30.79-43.92-30.79-72.315 0-0.408 0.002-0.816 0.007-1.223l-0.001 0.062v-714.276h104.268v714.276h1090.422v104.268zM300.251 828.033c-0.43 0.007-0.937 0.011-1.445 0.011-28.069 0-53.374-11.83-71.202-30.777l-0.047-0.050c-18.546-18.419-30.026-43.933-30.026-72.128 0-0.465 0.003-0.93 0.009-1.394l-0.001 0.070v-619.465c-0.006-0.401-0.009-0.874-0.009-1.348 0-28.199 11.483-53.717 30.029-72.131l0.006-0.006c17.875-18.996 43.18-30.827 71.249-30.827 0.505 0 1.010 0.004 1.513 0.011l-0.076-0.001h986.097c0.338-0.004 0.738-0.006 1.138-0.006 28.411 0 54.063 11.811 72.315 30.79l0.031 0.033c19.012 18.283 30.822 43.936 30.822 72.347 0 0.4-0.002 0.8-0.007 1.199l0.001-0.061v619.465c-0.534 57.37-46.898 103.734-104.217 104.267l-0.051 0zM297.090 728.474h154.87c0.003-0.387 0.005-0.845 0.005-1.304 0-85.585-69.31-154.982-154.862-155.123l-0.014-0zM1136.218 728.474h154.87v-156.426c-0.866-0.018-1.887-0.028-2.91-0.028-41.892 0-79.759 17.237-106.894 45.006l-0.028 0.029c-27.838 27.458-45.083 65.595-45.083 107.759 0 1.282 0.016 2.559 0.048 3.833l-0.004-0.189zM793.275 597.325c0.732 0.011 1.595 0.017 2.461 0.017 99.875 0 180.84-80.965 180.84-180.84 0-0.865-0.006-1.729-0.018-2.591l0.001 0.131c-0.093-101.187-82.096-183.191-183.275-183.283l-0.009-0c-0.868-0.015-1.891-0.024-2.917-0.024-49.559 0-94.386 20.262-126.649 52.953l-0.019 0.019c-33.192 32.030-53.803 76.908-53.803 126.599 0 1.314 0.014 2.624 0.043 3.93l-0.003-0.195c0.093 101.187 82.096 183.191 183.275 183.283l0.009 0zM297.066 256.010c0.857 0.018 1.866 0.028 2.878 0.028 41.908 0 79.788-17.25 106.925-45.037l0.028-0.029c27.838-27.458 45.083-65.595 45.083-107.759 0-1.282-0.016-2.559-0.048-3.833l0.004 0.189h-154.846zM1291.056 256.010v-156.451h-154.838c-0.028 1.085-0.044 2.363-0.044 3.645 0 42.164 17.245 80.301 45.066 107.742l0.017 0.017c27.166 27.816 65.045 45.067 106.953 45.067 1.012 0 2.022-0.010 3.029-0.030l-0.151 0.002z"],"tags":["spades","cards","poker"],"defaultCode":59671,"grid":16,"attrs":[{}],"isMulticolor":false,"isMulticolor2":false,"colorPermutations":{"125525525514040401515151169901001":[{}]}},"attrs":[{}],"properties":{"ligatures":"spades, cards","name":"spades","order":24,"id":24,"prevSize":32,"code":59671},"setIdx":1,"setId":1,"iconIdx":25},{"icon":{"paths":["M187.691 795.449c45.122-28.983 97.002-54.436 151.789-73.72l5.265-1.615c48.387-16.21 104.102-25.563 162.002-25.563 1.85 0 3.697 0.010 5.542 0.029l-0.282-0.002c1.479-0.015 3.227-0.023 4.977-0.023 58.218 0 114.253 9.351 166.683 26.633l-3.759-1.073c60.816 20.998 113.331 46.457 162.169 77.22l-3.207-1.885q56.182-70.227 78.527-138.532c14.175-42.465 22.353-91.357 22.353-142.16 0-0.969-0.003-1.938-0.009-2.906l0.001 0.149q0-182.584-122.578-305.156t-305.156-122.572q-182.591 0-305.162 122.572t-122.572 305.156c-0.005 0.798-0.008 1.741-0.008 2.686 0 50.874 8.415 99.783 23.93 145.41l-0.939-3.18q22.983 68.312 80.435 138.532zM512.007 551.583c-1.137 0.028-2.476 0.043-3.819 0.043-47.327 0-90.084-19.563-120.627-51.043l-0.041-0.042c-31.18-31.024-50.476-73.966-50.476-121.415 0-1.305 0.015-2.606 0.044-3.904l-0.003 0.193c-0.014-0.807-0.021-1.759-0.021-2.713 0-95.139 77.125-172.264 172.264-172.264 0.943 0 1.883 0.008 2.822 0.023l-0.142-0.002c0.483-0.005 1.055-0.008 1.627-0.008 95.717 0 173.31 77.594 173.31 173.31 0 0.57-0.003 1.139-0.008 1.707l0.001-0.087c0.026 1.114 0.041 2.427 0.041 3.743 0 47.449-19.296 90.392-50.47 121.409l-0.007 0.007c-30.584 31.522-73.342 51.085-120.668 51.085-1.345 0-2.687-0.016-4.024-0.047l0.199 0.004zM512.007 1024c-0.872 0.005-1.904 0.009-2.936 0.009-71.135 0-138.814-14.799-200.125-41.486l3.24 1.256c-63.562-27.274-117.811-64.539-163.405-110.416l-0.026-0.026c-45.194-45.6-82.007-99.598-107.877-159.431l-1.294-3.362c-25.032-57.52-39.596-124.525-39.596-194.933 0-1.27 0.005-2.539 0.014-3.807l-0.001 0.195c-0.005-0.846-0.008-1.848-0.008-2.85 0-71.225 15.040-138.937 42.117-200.135l-1.249 3.163c27.501-63.258 64.734-117.262 110.431-162.776l0.017-0.017c45.511-44.997 99.264-81.773 158.775-107.845l3.379-1.32c57.485-25.429 124.527-40.234 195.027-40.234 1.237 0 2.473 0.005 3.707 0.014l-0.19-0.001c0.872-0.005 1.904-0.009 2.936-0.009 71.135 0 138.814 14.799 200.125 41.486l-3.24-1.256c63.309 27.1 117.346 64.153 162.774 109.785l0.018 0.018c45.097 45.657 81.894 99.637 107.862 159.409l1.309 3.383c25.43 57.777 40.232 125.136 40.232 195.951 0 1.136-0.004 2.272-0.011 3.407l0.001-0.175c0.007 0.957 0.010 2.088 0.010 3.221 0 70.81-14.799 138.163-41.473 199.136l1.248-3.2c-53.215 123.18-149.421 219.384-269.272 271.311l-3.33 1.285c-57.778 25.43-125.138 40.231-195.955 40.231-1.135 0-2.269-0.004-3.401-0.011l0.174 0.001z"],"tags":["clubs","cards","poker"],"defaultCode":59672,"grid":16,"attrs":[{}],"isMulticolor":false,"isMulticolor2":false,"colorPermutations":{"125525525514040401515151169901001":[{}]}},"attrs":[{}],"properties":{"ligatures":"clubs, cards2","name":"clubs","order":60,"id":25,"prevSize":32,"code":59672},"setIdx":1,"setId":1,"iconIdx":26},{"icon":{"paths":["M251.52 437.952c-39.147-19.732-71.673-47.357-96.526-80.996l-0.517-0.732c-23.175-32.111-37.066-72.257-37.066-115.649 0-1.531 0.017-3.058 0.052-4.58l-0.004 0.227c-0.026-1.284-0.041-2.799-0.041-4.316 0-63.678 25.88-121.311 67.695-162.956l0.008-0.008c41.012-42.568 98.511-69.007 162.185-69.007 1.791 0 3.578 0.021 5.359 0.063l-0.265-0.005c1.265-0.026 2.756-0.040 4.251-0.040 63.737 0 121.302 26.428 162.333 68.924l0.063 0.066c42.196 41.541 68.34 99.28 68.34 163.126 0 1.46-0.014 2.918-0.041 4.372l0.003-0.218c0.014 0.914 0.022 1.992 0.022 3.073 0 40.405-11.411 78.145-31.186 110.172l0.519-0.904c-20.67 33.199-49.241 59.704-83.162 77.34l-1.181 0.558h-17.826v-195.349c0.041-1.050 0.064-2.283 0.064-3.521 0-27.182-11.27-51.732-29.393-69.232l-0.028-0.027c-18.152-17.415-42.842-28.138-70.036-28.138-0.965 0-1.927 0.013-2.885 0.040l0.141-0.003c-1.385-0.071-3.006-0.112-4.637-0.112-53.216 0-96.356 43.14-96.356 96.356 0 1.631 0.041 3.253 0.121 4.864l-0.009-0.227zM357.487 1023.984c-15.34-0.162-30.027-2.715-43.784-7.305l1.008 0.292c-14.606-4.426-27.208-11.669-37.746-21.158l0.089 0.079-277.054-248.969 6.382-8.917c6.488-8.479 15.455-14.767 25.811-17.808l0.355-0.089c4.68-1.016 10.057-1.598 15.569-1.598 7.418 0 14.59 1.054 21.374 3.020l-0.541-0.134 218.332 43.439v-533.723c-0.016-0.54-0.025-1.174-0.025-1.811 0-17.58 6.805-33.571 17.926-45.481l-0.036 0.039c11.249-11.84 27.111-19.206 44.693-19.206 0.901 0 1.797 0.019 2.688 0.058l-0.127-0.004c0.279-0.004 0.609-0.007 0.94-0.007 36.126 0 65.411 29.286 65.411 65.411 0 0.352-0.003 0.704-0.008 1.055l0.001-0.053v291.105h43.439c14.795 0.16 29.079 2.016 42.768 5.384l-1.28-0.266c16.421 3.747 30.705 8.562 44.317 14.614l-1.518-0.603 135.348 66.43q40.848 20.408 52.98 56.171t0.64 86.815l-45.966 204.298c-5.062 20.953-16.892 38.594-33.003 50.925l-0.216 0.159c-15.524 11.196-34.929 17.906-55.902 17.906-0.989 0-1.974-0.015-2.956-0.045l0.144 0.003z"],"tags":["diamonds","cards","poker"],"defaultCode":59673,"grid":16,"attrs":[{}],"isMulticolor":false,"isMulticolor2":false,"colorPermutations":{"125525525514040401515151169901001":[{}]}},"attrs":[{}],"properties":{"ligatures":"diamonds, cards3","name":"diamonds","order":61,"id":26,"prevSize":32,"code":59673},"setIdx":1,"setId":1,"iconIdx":27},{"icon":{"paths":["M1280.052 96.004v832.001c-1.318 52.483-43.521 94.686-95.88 96.001l-0.124 0.002h-1088.044c-0.089 0-0.195 0-0.301 0-26.329 0-50.077-11.048-66.863-28.76l-0.039-0.042c-17.754-16.825-28.802-40.573-28.802-66.902 0-0.106 0-0.211 0.001-0.317l-0 0.016v-832.001c-0-0.089-0-0.195-0-0.301 0-26.329 11.048-50.077 28.76-66.863l0.042-0.039c16.825-17.754 40.573-28.802 66.902-28.802 0.106 0 0.211 0 0.317 0.001l-0.016-0h1088.019c0.089-0 0.195-0 0.301-0 26.329 0 50.077 11.048 66.863 28.76l0.039 0.042c17.769 16.827 28.826 40.585 28.826 66.925 0 0.098-0 0.195-0 0.293l0-0.015zM96.004 270.403h1088.019v-174.399h-1088.019zM96.004 476.803v451.202h1088.019v-451.202zM96.004 928.004v0z"],"tags":["bullhorn","megaphone","announcement","advertisement","news"],"defaultCode":59674,"grid":16,"attrs":[{}],"isMulticolor":false,"isMulticolor2":false,"colorPermutations":{"125525525514040401515151169901001":[{}]}},"attrs":[{}],"properties":{"ligatures":"bullhorn, megaphone","name":"bullhorn","order":62,"id":27,"prevSize":32,"code":59674},"setIdx":1,"setId":1,"iconIdx":28},{"icon":{"width":1280,"paths":["M544.809 465.272c-0.821 0.011-1.79 0.017-2.76 0.017-63.309 0-120.475-26.303-161.165-68.577l-0.068-0.071c-42.345-40.755-68.649-97.918-68.649-161.225 0-0.974 0.006-1.946 0.019-2.916l-0.001 0.147c-0.010-0.79-0.016-1.723-0.016-2.657 0-63.341 26.301-120.54 68.578-161.27l0.070-0.067c41.802-42.333 99.836-68.553 163.994-68.553s122.192 26.22 163.971 68.529l0.024 0.024c42.346 40.797 68.647 97.996 68.647 161.337 0 0.934-0.006 1.867-0.017 2.799l0.001-0.142c0.011 0.823 0.017 1.796 0.017 2.769 0 63.307-26.303 120.47-68.577 161.157l-0.071 0.068c-40.759 42.345-97.924 68.649-161.234 68.649-0.971 0-1.94-0.006-2.907-0.019l0.147 0.001zM0 1023.938v-125.21c-0-0.139-0.001-0.305-0.001-0.47 0-32.818 10.044-63.29 27.226-88.509l-0.351 0.545c18.716-27.722 43.915-49.734 73.491-64.167l1.106-0.487c62.931-29.962 137.363-57.152 214.575-77.488l9.154-2.049c65.939-17.682 141.644-27.838 219.721-27.838s153.781 10.156 225.865 29.219l-6.144-1.381c86.341 22.398 160.744 49.587 231.68 82.931l-8.033-3.394c30.666 14.946 55.859 36.952 74.176 63.995l0.421 0.659c16.694 24.637 26.651 55.020 26.651 87.73 0 0.248-0.001 0.495-0.002 0.742l0-0.038v125.21zM71.583 950.367h946.472v-49.649c0-0.041 0-0.089 0-0.137 0-19.239-6.751-36.901-18.012-50.747l0.116 0.148c-13.251-16.254-29.055-29.824-46.908-40.271l-0.814-0.44c-57.034-28.841-123.559-53.716-193.031-71.171l-6.755-1.437c-62.412-15.766-134.060-24.813-207.822-24.813s-145.41 9.047-213.896 26.093l6.075-1.28c-76.227 18.892-142.751 43.768-205.438 75.173l5.652-2.565c-18.668 10.887-34.471 24.457-47.476 40.4l-0.246 0.311c-10.944 13.142-17.665 30.138-17.895 48.697l-0 0.050zM544.809 391.7c0.644 0.010 1.404 0.015 2.165 0.015 43.247 0 82.31-17.916 110.171-46.731l0.041-0.043c28.821-27.878 46.713-66.9 46.713-110.101 0-0.764-0.006-1.527-0.017-2.289l0.001 0.115c0.010-0.643 0.015-1.403 0.015-2.163 0-43.236-17.89-82.294-46.672-110.175l-0.041-0.039c-28.712-28.839-68.445-46.685-112.346-46.685s-83.635 17.846-112.341 46.68l-0.006 0.006c-28.846 27.901-46.754 66.955-46.754 110.193 0 0.768 0.006 1.535 0.017 2.3l-0.001-0.116c-0.010 0.653-0.016 1.423-0.016 2.195 0 43.212 17.918 82.239 46.73 110.057l0.045 0.043c27.862 28.844 66.884 46.754 110.089 46.754 0.776 0 1.55-0.006 2.323-0.017l-0.117 0.001z"],"tags":["connection","wifi","wave"],"defaultCode":59675,"grid":16,"attrs":[{}],"isMulticolor":false,"isMulticolor2":false,"colorPermutations":{"125525525514040401515151169901001":[{}]}},"attrs":[{}],"properties":{"ligatures":"connection, wifi","name":"connection","order":63,"id":28,"prevSize":32,"code":59675},"setIdx":1,"setId":1,"iconIdx":29},{"icon":{"paths":["M0 445.171v-445.171h446.805v445.171zM0 1024.101v-446.906h446.805v446.805zM578.93 445.171v-445.171h445.090v445.171zM578.93 1024.101v-446.906h445.090v446.805zM65.276 378.322h314.68v-313.046h-314.68zM645.678 378.322h313.066v-313.046h-313.066zM645.678 958.724h313.066v-314.68h-313.066zM65.276 958.724h314.68v-314.68h-314.68z"],"tags":["podcast","broadcast","live","radio","feed"],"defaultCode":59676,"grid":16,"attrs":[{}],"isMulticolor":false,"isMulticolor2":false,"colorPermutations":{"125525525514040401515151169901001":[{}]}},"attrs":[{}],"properties":{"ligatures":"podcast, broadcast","name":"podcast","order":64,"id":29,"prevSize":32,"code":59676},"setIdx":1,"setId":1,"iconIdx":30},{"icon":{"paths":["M0 903.429v-62.551h314.416v62.551zM0 183.14v-62.57h540.245v62.57zM483.774 1024v-303.692h62.551v120.571h479.242v62.551h-479.242v120.571zM251.846 663.818v-120.495h-251.846v-62.626h251.846v-118.947h62.551v302.087zM483.774 543.323v-62.626h541.869v62.626zM711.151 302.087v-302.087h61.059v120.571h253.357v62.57h-253.357v118.947z"],"tags":["feed","wave","radio","live","broadcast"],"defaultCode":59677,"grid":16,"attrs":[{}],"isMulticolor":false,"isMulticolor2":false,"colorPermutations":{"125525525514040401515151169901001":[{}]}},"attrs":[{}],"properties":{"ligatures":"feed, wave","name":"feed","order":65,"id":30,"prevSize":32,"code":59677},"setIdx":1,"setId":1,"iconIdx":31},{"icon":{"paths":["M874.803 148.813c-92.273-91.883-219.54-148.687-360.073-148.687-280.771 0-508.585 226.738-510.326 507.1l-0.001 0.166c-0 0.189-0 0.414-0 0.638 0 93.197 25.28 180.49 69.356 255.395l-1.286-2.363-72.474 262.938 270.285-70.554c70.379 38.873 154.285 61.747 243.534 61.747 0.036 0 0.072-0 0.107-0l0.224 0c0.123 0 0.268 0 0.414 0 280.636 0 508.272-226.918 509.436-507.281l0-0.111c0.001-0.415 0.002-0.906 0.002-1.397 0-139.837-57.056-266.349-149.157-357.525l-0.042-0.041zM514.15 929.613h-0.179c-79.553-0.013-153.994-21.892-217.642-59.953l1.937 1.073-15.36-9.139-160.486 41.856 42.803-155.648-10.061-15.949c-40.648-63.44-64.794-140.84-64.794-223.879 0-0.205 0-0.409 0-0.614l-0 0.032c1.426-233.191 190.794-421.678 424.185-421.678 116.852 0 222.668 47.248 299.387 123.682l-0.013-0.013c76.586 75.815 124.008 180.966 124.008 297.193 0 0.413-0.001 0.826-0.002 1.239l0-0.064c-0.931 233.117-190.123 421.735-423.37 421.735-0.145 0-0.29-0-0.436-0l0.023 0zM746.598 613.76c-12.8-6.349-75.366-37.018-87.040-41.242s-20.173-6.349-28.646 6.349-32.896 41.267-40.346 49.715-14.874 9.523-27.597 3.174c-39.412-15.873-73.314-37.101-102.759-63.238l0.359 0.313c-27.397-25.267-50.899-54.173-69.892-86.076l-0.969-1.758c-7.424-12.8-0.794-19.558 5.581-25.856 5.709-5.683 12.8-14.822 19.123-22.221 5.035-6.090 9.329-13.061 12.584-20.586l0.216-0.56c1.471-2.964 2.332-6.455 2.332-10.147 0-4.464-1.258-8.633-3.439-12.174l0.058 0.101c-3.174-6.349-28.646-68.762-39.296-94.131-10.24-24.73-20.864-21.35-28.646-21.786s-15.923-0.435-24.422-0.435c-13.539 0.357-25.599 6.402-33.928 15.822l-0.043 0.050c-27.497 25.943-44.616 62.629-44.616 103.314 0 0.858 0.008 1.714 0.023 2.568l-0.002-0.129c4.483 50.078 23.337 95.047 52.356 131.578l-0.388-0.506c6.374 8.474 89.856 136.525 217.6 191.462 18.726 8.427 42.801 17.502 67.441 25.308l5.187 1.418c15.254 4.806 32.797 7.576 50.986 7.576 10.33 0 20.452-0.893 30.292-2.607l-1.048 0.151c24.474-3.661 75.366-30.72 85.99-60.288 5.643-12.513 8.931-27.127 8.931-42.508 0-6.281-0.548-12.434-1.6-18.414l0.092 0.634c-3.174-5.274-11.674-8.474-24.422-14.822z"],"tags":["mic","microphone","voice","audio"],"defaultCode":59678,"grid":16,"attrs":[{"fill":"rgb(69, 90, 100)"}],"isMulticolor":false,"isMulticolor2":false,"colorPermutations":{"125525525514040401515151169901001":[{"f":3}]}},"attrs":[{"fill":"rgb(69, 90, 100)"}],"properties":{"ligatures":"mic, microphone","name":"mic","order":66,"id":31,"prevSize":32,"code":59678},"setIdx":1,"setId":1,"iconIdx":32},{"icon":{"paths":["M1024 512.008c-0.029-282.752-229.251-511.958-512.008-511.958-282.774 0-512.008 229.234-512.008 512.008 0 254.533 185.733 465.687 429.063 505.324l2.953 0.397v-357.755h-129.999v-148.016h129.999v-112.804c0-128.326 76.44-199.207 193.396-199.207 40.925 0.584 80.536 4.196 119.195 10.626l-4.591-0.631v126.005h-64.565c-63.602 0-83.435 39.475-83.435 79.961v96.035h142l-22.706 148.032h-119.294v357.755c246.269-40.087 431.978-251.238 432-505.768l0-0.003z","M711.294 659.992l22.706-148h-142v-96.035c0-40.486 19.848-79.961 83.435-79.961h64.565v-126.005c-34.067-5.798-73.679-9.411-114.025-9.989l-0.579-0.007c-116.957 0-193.396 70.881-193.396 199.207v112.804h-129.999v148h129.999v357.787c24.047 3.958 51.759 6.22 80 6.22s55.954-2.262 82.967-6.614l-2.967 0.394v-357.802z"],"tags":["facebook","brand","social"],"defaultCode":60049,"grid":16,"attrs":[{"fill":"rgb(0, 0, 0)"},{"fill":"rgb(255, 255, 255)"}],"isMulticolor":true,"isMulticolor2":false,"colorPermutations":{"125525525514040401515151169901001":[{"f":0},{"f":4}]}},"attrs":[{"fill":"rgb(0, 0, 0)"},{"fill":"rgb(255, 255, 255)"}],"properties":{"ligatures":"","name":"facebook2","order":67,"id":402,"prevSize":32,"code":60049,"codes":[60049,60051]},"setIdx":1,"setId":1,"iconIdx":33},{"icon":{"paths":["M300.027 3.584c-44.895 0.965-87.468 9.704-126.819 24.916l2.551-0.867c-35.455 13.611-65.67 33.734-90.529 59.122l-0.043 0.044c-25.341 24.966-45.379 55.24-58.319 89.027l-0.578 1.719c-14.147 36.853-22.714 79.466-23.553 123.97l-0.005 0.361c-2.4 54.507-2.937 72.034-2.669 211.065s0.884 156.464 3.521 211.081c0.992 44.872 9.727 87.414 24.917 126.746l-0.868-2.557c13.629 35.48 33.772 65.716 59.184 90.592l0.044 0.043c24.984 25.351 55.287 45.386 89.106 58.305l1.718 0.577c36.844 14.15 79.446 22.718 123.941 23.553l0.359 0.005c54.491 2.384 72.034 2.937 211.034 2.669s156.495-0.884 211.113-3.474c44.86-0.998 87.39-9.727 126.717-24.901l-2.56 0.868c68.908-27.298 122.39-80.965 148.822-148.229l0.615-1.776c14.172-36.834 22.742-79.429 23.554-123.919l0.005-0.348c2.384-54.649 2.953-72.097 2.684-211.113s-0.884-156.448-3.474-211.050c-1.004-44.906-9.768-87.473-24.996-126.821l0.869 2.553c-13.637-35.427-33.749-65.621-59.108-90.484l-0.041-0.040c-24.979-25.384-55.297-45.434-89.141-58.338l-1.715-0.574c-36.844-14.172-79.45-22.742-123.952-23.554l-0.348-0.005c-54.491-2.353-72.034-2.953-211.081-2.7s-156.464 0.853-211.065 3.521zM305.9 929.149c-34.219-0.344-66.854-6.683-97.047-18.014l1.96 0.645c-23.104-8.646-42.793-21.654-58.932-38.151l-0.028-0.029c-16.639-16.102-29.717-35.776-38.011-57.795l-0.359-1.086c-10.826-28.193-17.311-60.796-17.793-94.85l-0.002-0.206c-2.542-53.955-3.079-70.155-3.363-206.85s0.221-152.879 2.59-206.85c0.329-34.211 6.67-66.842 18.013-97.025l-0.644 1.953c8.617-23.108 21.63-42.798 38.148-58.913l0.032-0.032c16.105-16.601 35.765-29.656 57.761-37.947l1.089-0.36c28.184-10.824 60.775-17.309 94.817-17.793l0.207-0.002c54.002-2.558 70.171-3.079 206.85-3.363s152.895 0.221 206.85 2.59c34.237 0.302 66.905 6.633 97.119 17.98l-1.952-0.643c23.111 8.611 42.802 21.625 58.912 38.147l0.032 0.033c16.643 16.093 29.735 35.748 38.056 57.747l0.361 1.087c10.843 28.175 17.325 60.76 17.778 94.8l0.002 0.193c2.574 54.002 3.158 70.187 3.395 206.85s-0.237 152.895-2.605 206.85c-0.347 34.23-6.686 66.875-18.014 97.081l0.645-1.962c-17.534 44.826-52.264 79.665-95.867 96.945l-1.147 0.401c-28.191 10.836-60.791 17.331-94.845 17.825l-0.211 0.002c-54.002 2.542-70.171 3.079-206.85 3.363s-152.848-0.253-206.85-2.59zM723.326 238.382c0.081 33.871 27.557 61.297 61.439 61.297 33.932 0 61.439-27.507 61.439-61.439s-27.507-61.439-61.439-61.439c-0.044 0-0.089 0-0.133 0l0.007-0c-33.878 0.072-61.313 27.551-61.313 61.439 0 0.050 0 0.1 0 0.15l-0-0.008zM249.119 512.513c0.288 144.98 117.884 262.398 262.904 262.398 145.198 0 262.904-117.706 262.904-262.904s-117.706-262.904-262.904-262.904c-0.189 0-0.377 0-0.566 0.001l0.029-0c-144.963 0.287-262.368 117.869-262.368 262.872 0 0.189 0 0.378 0.001 0.567l-0-0.029zM341.349 512.324c-0-0.103-0-0.225-0-0.347 0-94.261 76.414-170.675 170.675-170.675s170.675 76.414 170.675 170.675c0 94.144-76.225 170.485-170.325 170.674l-0.018 0c-0.099 0-0.215 0-0.332 0-94.139 0-170.477-76.216-170.674-170.309l-0-0.019z"],"tags":["instagram","brand","social"],"defaultCode":60050,"grid":16,"attrs":[{}],"isMulticolor":false,"isMulticolor2":false,"colorPermutations":{"125525525514040401515151169901001":[{}]}},"attrs":[{}],"properties":{"ligatures":"instagram, brand12","name":"instagram","order":68,"id":403,"prevSize":32,"code":60050},"setIdx":1,"setId":1,"iconIdx":34},{"icon":{"paths":["M1013.824 307.2c0 0-9.984-70.592-40.768-101.568-38.976-40.768-82.624-41.024-102.592-43.392-143.168-10.432-358.208-10.432-358.208-10.432h-0.384c0 0-214.976 0-358.208 10.432-20.032 2.432-63.616 2.624-102.592 43.392-30.784 30.976-40.576 101.568-40.576 101.568s-10.176 82.816-10.176 165.824v77.632c0 82.816 10.176 165.824 10.176 165.824s9.984 70.592 40.576 101.632c38.976 40.768 90.176 39.424 113.024 43.776 81.984 7.808 348.224 10.176 348.224 10.176s215.232-0.384 358.4-10.624c20.032-2.368 63.616-2.624 102.592-43.392 30.784-30.976 40.768-101.632 40.768-101.632s10.176-82.816 10.176-165.824v-77.632c-0.192-82.816-10.368-165.824-10.368-165.824zM406.208 644.8v-287.808l276.608 144.384-276.608 143.424z"],"tags":["youtube","brand","social"],"defaultCode":60061,"grid":16,"attrs":[{}],"isMulticolor":false,"isMulticolor2":false,"colorPermutations":{"125525525514040401515151169901001":[{}]}},"attrs":[{}],"properties":{"ligatures":"","name":"youtube","order":69,"id":414,"prevSize":32,"code":3753,"codes":[3753,3754]},"setIdx":1,"setId":1,"iconIdx":35},{"icon":{"paths":["M511.787 0c-282.68 0.078-511.807 229.254-511.807 511.945 0 215.53 133.189 399.953 321.752 475.451l3.449 1.219c-2.997-20.417-4.708-43.986-4.708-67.956 0-27.914 2.321-55.286 6.781-81.933l-0.399 2.884c9.269-40.012 59.813-254.425 59.813-254.425-9.589-21.716-15.171-47.038-15.171-73.664 0-0.748 0.004-1.495 0.013-2.241l-0.001 0.113c0-71.182 41.275-124.268 92.672-124.268 43.802 0 64.865 32.859 64.865 72.034 0 43.802-27.806 109.52-42.538 170.532-1.453 5.496-2.287 11.806-2.287 18.31 0 41.118 33.332 74.45 74.45 74.45 1.276 0 2.545-0.032 3.806-0.096l-0.177 0.007c90.982 0 160.916-96.035 160.916-234.198 0-122.578-88.029-208.081-213.987-208.081-145.742 0-231.261 109.093-231.261 221.992 0.090 43.84 14.287 84.346 38.291 117.24l-0.395-0.568c2.493 2.704 4.022 6.331 4.022 10.315 0 1.581-0.241 3.107-0.688 4.541l0.029-0.108c-3.79 16.011-12.632 50.97-14.322 58.123-2.1 9.269-7.579 11.369-17.274 6.742-63.16-30.333-102.777-123.841-102.777-198.812 0-161.327 117.099-309.595 338.238-309.595 177.338 0 315.501 126.32 315.501 295.7 0 176.501-111.209 318.454-265.367 318.454-51.807 0-100.677-26.954-117.099-58.976l-31.959 121.741c-16.545 51.217-38.123 95.712-64.904 136.484l1.301-2.11c45.278 14.524 97.365 22.896 151.407 22.896 282.809 0 512.071-229.262 512.071-512.071s-229.262-512.071-512.071-512.071c-0.065 0-0.13 0-0.195 0l0.009-0z"],"tags":["pinterest","brand","social"],"defaultCode":60113,"grid":16,"attrs":[{}],"isMulticolor":false,"isMulticolor2":false,"colorPermutations":{"125525525514040401515151169901001":[{}]}},"attrs":[{}],"properties":{"name":"pinterest","ligatures":"pinterest, brand72","order":39,"id":466,"prevSize":32,"code":60113},"setIdx":1,"setId":1,"iconIdx":36}],"height":1024,"metadata":{"name":"icomoon"},"preferences":{"showGlyphs":true,"showQuickUse":true,"showQuickUse2":true,"showSVGs":true,"fontPref":{"prefix":"icon-","metadata":{"fontFamily":"icomoon"},"metrics":{"emSize":1024,"baseline":6.25,"whitespace":50},"embed":false},"imagePref":{"prefix":"icon-","png":true,"useClassSelector":true,"color":0,"bgColor":16777215,"classSelector":".icon","name":"icomoon"},"historySize":50,"showCodes":true,"gridSize":16}}